<annotation>
	<folder>my-project-name</folder>
	<filename>Snipaste_2024-01-02_10-31-42img_light.jpg</filename>
	<path>/my-project-name/Snipaste_2024-01-02_10-31-42img_light.jpg</path>
	<source>
		<database>Unspecified</database>
	</source>
	<size>
		<width>733</width>
		<height>866</height>
		<depth>3</depth>
	</size>
	<object>
		<name>person</name>
		<pose>Unspecified</pose>
		<truncated>0</truncated>
		<difficult>0</difficult>
		<bndbox>
			<xmin>337</xmin>
			<ymin>365</ymin>
			<xmax>567</xmax>
			<ymax>685</ymax>
		</bndbox>
	</object>
</annotation>