<annotation>
	<folder>my-project-name</folder>
	<filename>Snipaste_2024-01-02_10-35-59img_Pepper.jpg</filename>
	<path>/my-project-name/Snipaste_2024-01-02_10-35-59img_Pepper.jpg</path>
	<source>
		<database>Unspecified</database>
	</source>
	<size>
		<width>830</width>
		<height>586</height>
		<depth>3</depth>
	</size>
	<object>
		<name>ebike</name>
		<pose>Unspecified</pose>
		<truncated>0</truncated>
		<difficult>0</difficult>
		<bndbox>
			<xmin>130</xmin>
			<ymin>177</ymin>
			<xmax>539</xmax>
			<ymax>478</ymax>
		</bndbox>
	</object>
	<object>
		<name>ebike</name>
		<pose>Unspecified</pose>
		<truncated>0</truncated>
		<difficult>0</difficult>
		<bndbox>
			<xmin>558</xmin>
			<ymin>167</ymin>
			<xmax>830</xmax>
			<ymax>479</ymax>
		</bndbox>
	</object>
</annotation>