<annotation>
	<folder>my-project-name</folder>
	<filename>Snipaste_2024-01-01_12-09-17GaussNoise.jpg</filename>
	<path>/my-project-name/Snipaste_2024-01-01_12-09-17GaussNoise.jpg</path>
	<source>
		<database>Unspecified</database>
	</source>
	<size>
		<width>929</width>
		<height>416</height>
		<depth>3</depth>
	</size>
	<object>
		<name>ebike</name>
		<pose>Unspecified</pose>
		<truncated>0</truncated>
		<difficult>0</difficult>
		<bndbox>
			<xmin>514</xmin>
			<ymin>198</ymin>
			<xmax>746</xmax>
			<ymax>412</ymax>
		</bndbox>
	</object>
	<object>
		<name>person</name>
		<pose>Unspecified</pose>
		<truncated>0</truncated>
		<difficult>0</difficult>
		<bndbox>
			<xmin>424</xmin>
			<ymin>88</ymin>
			<xmax>704</xmax>
			<ymax>410</ymax>
		</bndbox>
	</object>
	<object>
		<name>person</name>
		<pose>Unspecified</pose>
		<truncated>0</truncated>
		<difficult>0</difficult>
		<bndbox>
			<xmin>622</xmin>
			<ymin>114</ymin>
			<xmax>742</xmax>
			<ymax>189</ymax>
		</bndbox>
	</object>
</annotation>