<annotation>
	<folder>my-project-name</folder>
	<filename>Snipaste_2024-01-02_10-34-10img_light.jpg</filename>
	<path>/my-project-name/Snipaste_2024-01-02_10-34-10img_light.jpg</path>
	<source>
		<database>Unspecified</database>
	</source>
	<size>
		<width>735</width>
		<height>502</height>
		<depth>3</depth>
	</size>
	<object>
		<name>ebike</name>
		<pose>Unspecified</pose>
		<truncated>0</truncated>
		<difficult>0</difficult>
		<bndbox>
			<xmin>278</xmin>
			<ymin>196</ymin>
			<xmax>448</xmax>
			<ymax>502</ymax>
		</bndbox>
	</object>
	<object>
		<name>person</name>
		<pose>Unspecified</pose>
		<truncated>0</truncated>
		<difficult>0</difficult>
		<bndbox>
			<xmin>244</xmin>
			<ymin>135</ymin>
			<xmax>460</xmax>
			<ymax>502</ymax>
		</bndbox>
	</object>
</annotation>