<annotation>
	<folder>my-project-name</folder>
	<filename>Snipaste_2024-01-02_10-36-13img_reverse.jpg</filename>
	<path>/my-project-name/Snipaste_2024-01-02_10-36-13img_reverse.jpg</path>
	<source>
		<database>Unspecified</database>
	</source>
	<size>
		<width>904</width>
		<height>519</height>
		<depth>3</depth>
	</size>
	<object>
		<name>ebike</name>
		<pose>Unspecified</pose>
		<truncated>0</truncated>
		<difficult>0</difficult>
		<bndbox>
			<xmin>339</xmin>
			<ymin>209</ymin>
			<xmax>612</xmax>
			<ymax>519</ymax>
		</bndbox>
	</object>
	<object>
		<name>person</name>
		<pose>Unspecified</pose>
		<truncated>0</truncated>
		<difficult>0</difficult>
		<bndbox>
			<xmin>383</xmin>
			<ymin>147</ymin>
			<xmax>552</xmax>
			<ymax>519</ymax>
		</bndbox>
	</object>
</annotation>