<annotation>
	<folder>my-project-name</folder>
	<filename>Snipaste_2024-01-02_10-34-10img_Pepper.jpg</filename>
	<path>/my-project-name/Snipaste_2024-01-02_10-34-10img_Pepper.jpg</path>
	<source>
		<database>Unspecified</database>
	</source>
	<size>
		<width>735</width>
		<height>502</height>
		<depth>3</depth>
	</size>
	<object>
		<name>ebike</name>
		<pose>Unspecified</pose>
		<truncated>0</truncated>
		<difficult>0</difficult>
		<bndbox>
			<xmin>282</xmin>
			<ymin>198</ymin>
			<xmax>447</xmax>
			<ymax>502</ymax>
		</bndbox>
	</object>
	<object>
		<name>person</name>
		<pose>Unspecified</pose>
		<truncated>0</truncated>
		<difficult>0</difficult>
		<bndbox>
			<xmin>246</xmin>
			<ymin>139</ymin>
			<xmax>462</xmax>
			<ymax>496</ymax>
		</bndbox>
	</object>
</annotation>