<annotation>
	<folder>my-project-name</folder>
	<filename>Snipaste_2024-01-02_10-35-17img_move.jpg</filename>
	<path>/my-project-name/Snipaste_2024-01-02_10-35-17img_move.jpg</path>
	<source>
		<database>Unspecified</database>
	</source>
	<size>
		<width>439</width>
		<height>630</height>
		<depth>3</depth>
	</size>
	<object>
		<name>person</name>
		<pose>Unspecified</pose>
		<truncated>0</truncated>
		<difficult>0</difficult>
		<bndbox>
			<xmin>350</xmin>
			<ymin>192</ymin>
			<xmax>436</xmax>
			<ymax>581</ymax>
		</bndbox>
	</object>
</annotation>