<annotation>
	<folder>my-project-name</folder>
	<filename>Snipaste_2024-01-02_10-31-42img_basic.jpg</filename>
	<path>/my-project-name/Snipaste_2024-01-02_10-31-42img_basic.jpg</path>
	<source>
		<database>Unspecified</database>
	</source>
	<size>
		<width>866</width>
		<height>733</height>
		<depth>3</depth>
	</size>
	<object>
		<name>person</name>
		<pose>Unspecified</pose>
		<truncated>0</truncated>
		<difficult>0</difficult>
		<bndbox>
			<xmin>362</xmin>
			<ymin>357</ymin>
			<xmax>549</xmax>
			<ymax>680</ymax>
		</bndbox>
	</object>
</annotation>