<annotation>
	<folder>my-project-name</folder>
	<filename>Snipaste_2024-01-01_12-10-05img_basic.jpg</filename>
	<path>/my-project-name/Snipaste_2024-01-01_12-10-05img_basic.jpg</path>
	<source>
		<database>Unspecified</database>
	</source>
	<size>
		<width>733</width>
		<height>914</height>
		<depth>3</depth>
	</size>
	<object>
		<name>ebike</name>
		<pose>Unspecified</pose>
		<truncated>0</truncated>
		<difficult>0</difficult>
		<bndbox>
			<xmin>382</xmin>
			<ymin>307</ymin>
			<xmax>640</xmax>
			<ymax>674</ymax>
		</bndbox>
	</object>
	<object>
		<name>person</name>
		<pose>Unspecified</pose>
		<truncated>0</truncated>
		<difficult>0</difficult>
		<bndbox>
			<xmin>252</xmin>
			<ymin>205</ymin>
			<xmax>415</xmax>
			<ymax>624</ymax>
		</bndbox>
	</object>
</annotation>