<annotation>
	<folder>my-project-name</folder>
	<filename>Snipaste_2024-01-02_10-38-20blur.jpg</filename>
	<path>/my-project-name/Snipaste_2024-01-02_10-38-20blur.jpg</path>
	<source>
		<database>Unspecified</database>
	</source>
	<size>
		<width>811</width>
		<height>657</height>
		<depth>3</depth>
	</size>
	<object>
		<name>ebike</name>
		<pose>Unspecified</pose>
		<truncated>0</truncated>
		<difficult>0</difficult>
		<bndbox>
			<xmin>0</xmin>
			<ymin>436</ymin>
			<xmax>176</xmax>
			<ymax>657</ymax>
		</bndbox>
	</object>
	<object>
		<name>ebike</name>
		<pose>Unspecified</pose>
		<truncated>0</truncated>
		<difficult>0</difficult>
		<bndbox>
			<xmin>308</xmin>
			<ymin>366</ymin>
			<xmax>465</xmax>
			<ymax>598</ymax>
		</bndbox>
	</object>
	<object>
		<name>person</name>
		<pose>Unspecified</pose>
		<truncated>0</truncated>
		<difficult>0</difficult>
		<bndbox>
			<xmin>248</xmin>
			<ymin>242</ymin>
			<xmax>295</xmax>
			<ymax>597</ymax>
		</bndbox>
	</object>
	<object>
		<name>person</name>
		<pose>Unspecified</pose>
		<truncated>0</truncated>
		<difficult>0</difficult>
		<bndbox>
			<xmin>561</xmin>
			<ymin>147</ymin>
			<xmax>707</xmax>
			<ymax>655</ymax>
		</bndbox>
	</object>
</annotation>