<annotation>
	<folder>my-project-name</folder>
	<filename>Snipaste_2024-01-02_10-33-02img_reverse.jpg</filename>
	<path>/my-project-name/Snipaste_2024-01-02_10-33-02img_reverse.jpg</path>
	<source>
		<database>Unspecified</database>
	</source>
	<size>
		<width>463</width>
		<height>632</height>
		<depth>3</depth>
	</size>
	<object>
		<name>ebike</name>
		<pose>Unspecified</pose>
		<truncated>0</truncated>
		<difficult>0</difficult>
		<bndbox>
			<xmin>128</xmin>
			<ymin>391</ymin>
			<xmax>274</xmax>
			<ymax>632</ymax>
		</bndbox>
	</object>
	<object>
		<name>person</name>
		<pose>Unspecified</pose>
		<truncated>0</truncated>
		<difficult>0</difficult>
		<bndbox>
			<xmin>205</xmin>
			<ymin>167</ymin>
			<xmax>402</xmax>
			<ymax>631</ymax>
		</bndbox>
	</object>
</annotation>