<annotation>
	<folder>my-project-name</folder>
	<filename>Snipaste_2024-01-02_10-33-51img_basic.jpg</filename>
	<path>/my-project-name/Snipaste_2024-01-02_10-33-51img_basic.jpg</path>
	<source>
		<database>Unspecified</database>
	</source>
	<size>
		<width>633</width>
		<height>459</height>
		<depth>3</depth>
	</size>
	<object>
		<name>ebike</name>
		<pose>Unspecified</pose>
		<truncated>0</truncated>
		<difficult>0</difficult>
		<bndbox>
			<xmin>198</xmin>
			<ymin>376</ymin>
			<xmax>292</xmax>
			<ymax>459</ymax>
		</bndbox>
	</object>
	<object>
		<name>person</name>
		<pose>Unspecified</pose>
		<truncated>0</truncated>
		<difficult>0</difficult>
		<bndbox>
			<xmin>91</xmin>
			<ymin>297</ymin>
			<xmax>224</xmax>
			<ymax>456</ymax>
		</bndbox>
	</object>
</annotation>