<annotation>
	<folder>my-project-name</folder>
	<filename>Snipaste_2024-01-02_10-31-29.png</filename>
	<path>/my-project-name/Snipaste_2024-01-02_10-31-29.png</path>
	<source>
		<database>Unspecified</database>
	</source>
	<size>
		<width>721</width>
		<height>847</height>
		<depth>3</depth>
	</size>
	<object>
		<name>ebike</name>
		<pose>Unspecified</pose>
		<truncated>0</truncated>
		<difficult>0</difficult>
		<bndbox>
			<xmin>133</xmin>
			<ymin>323</ymin>
			<xmax>406</xmax>
			<ymax>787</ymax>
		</bndbox>
	</object>
	<object>
		<name>person</name>
		<pose>Unspecified</pose>
		<truncated>0</truncated>
		<difficult>0</difficult>
		<bndbox>
			<xmin>297</xmin>
			<ymin>266</ymin>
			<xmax>518</xmax>
			<ymax>604</ymax>
		</bndbox>
	</object>
</annotation>