<annotation>
	<folder>my-project-name</folder>
	<filename>Snipaste_2024-01-02_10-36-13blur.jpg</filename>
	<path>/my-project-name/Snipaste_2024-01-02_10-36-13blur.jpg</path>
	<source>
		<database>Unspecified</database>
	</source>
	<size>
		<width>904</width>
		<height>519</height>
		<depth>3</depth>
	</size>
	<object>
		<name>ebike</name>
		<pose>Unspecified</pose>
		<truncated>0</truncated>
		<difficult>0</difficult>
		<bndbox>
			<xmin>291</xmin>
			<ymin>207</ymin>
			<xmax>577</xmax>
			<ymax>518</ymax>
		</bndbox>
	</object>
	<object>
		<name>person</name>
		<pose>Unspecified</pose>
		<truncated>0</truncated>
		<difficult>0</difficult>
		<bndbox>
			<xmin>356</xmin>
			<ymin>164</ymin>
			<xmax>542</xmax>
			<ymax>502</ymax>
		</bndbox>
	</object>
</annotation>