<annotation>
	<folder>my-project-name</folder>
	<filename>Snipaste_2024-01-02_10-32-52GaussNoise.jpg</filename>
	<path>/my-project-name/Snipaste_2024-01-02_10-32-52GaussNoise.jpg</path>
	<source>
		<database>Unspecified</database>
	</source>
	<size>
		<width>422</width>
		<height>624</height>
		<depth>3</depth>
	</size>
	<object>
		<name>ebike</name>
		<pose>Unspecified</pose>
		<truncated>0</truncated>
		<difficult>0</difficult>
		<bndbox>
			<xmin>197</xmin>
			<ymin>253</ymin>
			<xmax>340</xmax>
			<ymax>624</ymax>
		</bndbox>
	</object>
	<object>
		<name>person</name>
		<pose>Unspecified</pose>
		<truncated>0</truncated>
		<difficult>0</difficult>
		<bndbox>
			<xmin>113</xmin>
			<ymin>126</ymin>
			<xmax>222</xmax>
			<ymax>559</ymax>
		</bndbox>
	</object>
</annotation>