<annotation>
	<folder>my-project-name</folder>
	<filename>Snipaste_2024-01-02_10-33-21.png</filename>
	<path>/my-project-name/Snipaste_2024-01-02_10-33-21.png</path>
	<source>
		<database>Unspecified</database>
	</source>
	<size>
		<width>897</width>
		<height>600</height>
		<depth>3</depth>
	</size>
	<object>
		<name>ebike</name>
		<pose>Unspecified</pose>
		<truncated>0</truncated>
		<difficult>0</difficult>
		<bndbox>
			<xmin>355</xmin>
			<ymin>226</ymin>
			<xmax>680</xmax>
			<ymax>599</ymax>
		</bndbox>
	</object>
	<object>
		<name>person</name>
		<pose>Unspecified</pose>
		<truncated>0</truncated>
		<difficult>0</difficult>
		<bndbox>
			<xmin>153</xmin>
			<ymin>79</ymin>
			<xmax>384</xmax>
			<ymax>569</ymax>
		</bndbox>
	</object>
	<object>
		<name>person</name>
		<pose>Unspecified</pose>
		<truncated>0</truncated>
		<difficult>0</difficult>
		<bndbox>
			<xmin>377</xmin>
			<ymin>82</ymin>
			<xmax>736</xmax>
			<ymax>429</ymax>
		</bndbox>
	</object>
</annotation>