<annotation>
	<folder>my-project-name</folder>
	<filename>Snipaste_2024-01-01_12-09-17img_reverse.jpg</filename>
	<path>/my-project-name/Snipaste_2024-01-01_12-09-17img_reverse.jpg</path>
	<source>
		<database>Unspecified</database>
	</source>
	<size>
		<width>929</width>
		<height>416</height>
		<depth>3</depth>
	</size>
	<object>
		<name>ebike</name>
		<pose>Unspecified</pose>
		<truncated>0</truncated>
		<difficult>0</difficult>
		<bndbox>
			<xmin>188</xmin>
			<ymin>218</ymin>
			<xmax>449</xmax>
			<ymax>416</ymax>
		</bndbox>
	</object>
	<object>
		<name>person</name>
		<pose>Unspecified</pose>
		<truncated>0</truncated>
		<difficult>0</difficult>
		<bndbox>
			<xmin>226</xmin>
			<ymin>92</ymin>
			<xmax>500</xmax>
			<ymax>415</ymax>
		</bndbox>
	</object>
	<object>
		<name>person</name>
		<pose>Unspecified</pose>
		<truncated>0</truncated>
		<difficult>0</difficult>
		<bndbox>
			<xmin>180</xmin>
			<ymin>115</ymin>
			<xmax>310</xmax>
			<ymax>206</ymax>
		</bndbox>
	</object>
</annotation>