<annotation>
	<folder>my-project-name</folder>
	<filename>Snipaste_2024-01-02_10-36-13img_basic.jpg</filename>
	<path>/my-project-name/Snipaste_2024-01-02_10-36-13img_basic.jpg</path>
	<source>
		<database>Unspecified</database>
	</source>
	<size>
		<width>519</width>
		<height>904</height>
		<depth>3</depth>
	</size>
	<object>
		<name>ebike</name>
		<pose>Unspecified</pose>
		<truncated>0</truncated>
		<difficult>0</difficult>
		<bndbox>
			<xmin>291</xmin>
			<ymin>177</ymin>
			<xmax>511</xmax>
			<ymax>516</ymax>
		</bndbox>
	</object>
	<object>
		<name>person</name>
		<pose>Unspecified</pose>
		<truncated>0</truncated>
		<difficult>0</difficult>
		<bndbox>
			<xmin>309</xmin>
			<ymin>79</ymin>
			<xmax>519</xmax>
			<ymax>470</ymax>
		</bndbox>
	</object>
</annotation>