<annotation>
	<folder>my-project-name</folder>
	<filename>Snipaste_2024-01-02_10-36-45.png</filename>
	<path>/my-project-name/Snipaste_2024-01-02_10-36-45.png</path>
	<source>
		<database>Unspecified</database>
	</source>
	<size>
		<width>909</width>
		<height>616</height>
		<depth>3</depth>
	</size>
	<object>
		<name>ebike</name>
		<pose>Unspecified</pose>
		<truncated>0</truncated>
		<difficult>0</difficult>
		<bndbox>
			<xmin>2</xmin>
			<ymin>163</ymin>
			<xmax>378</xmax>
			<ymax>547</ymax>
		</bndbox>
	</object>
	<object>
		<name>ebike</name>
		<pose>Unspecified</pose>
		<truncated>0</truncated>
		<difficult>0</difficult>
		<bndbox>
			<xmin>433</xmin>
			<ymin>192</ymin>
			<xmax>600</xmax>
			<ymax>519</ymax>
		</bndbox>
	</object>
	<object>
		<name>ebike</name>
		<pose>Unspecified</pose>
		<truncated>0</truncated>
		<difficult>0</difficult>
		<bndbox>
			<xmin>492</xmin>
			<ymin>92</ymin>
			<xmax>909</xmax>
			<ymax>612</ymax>
		</bndbox>
	</object>
</annotation>