<annotation>
	<folder>my-project-name</folder>
	<filename>Snipaste_2024-01-02_10-33-21blur.jpg</filename>
	<path>/my-project-name/Snipaste_2024-01-02_10-33-21blur.jpg</path>
	<source>
		<database>Unspecified</database>
	</source>
	<size>
		<width>897</width>
		<height>600</height>
		<depth>3</depth>
	</size>
	<object>
		<name>ebike</name>
		<pose>Unspecified</pose>
		<truncated>0</truncated>
		<difficult>0</difficult>
		<bndbox>
			<xmin>355</xmin>
			<ymin>235</ymin>
			<xmax>677</xmax>
			<ymax>595</ymax>
		</bndbox>
	</object>
	<object>
		<name>person</name>
		<pose>Unspecified</pose>
		<truncated>0</truncated>
		<difficult>0</difficult>
		<bndbox>
			<xmin>131</xmin>
			<ymin>81</ymin>
			<xmax>396</xmax>
			<ymax>566</ymax>
		</bndbox>
	</object>
	<object>
		<name>person</name>
		<pose>Unspecified</pose>
		<truncated>0</truncated>
		<difficult>0</difficult>
		<bndbox>
			<xmin>383</xmin>
			<ymin>67</ymin>
			<xmax>728</xmax>
			<ymax>432</ymax>
		</bndbox>
	</object>
</annotation>