<annotation>
	<folder>my-project-name</folder>
	<filename>Snipaste_2024-01-01_12-07-27img_basic.jpg</filename>
	<path>/my-project-name/Snipaste_2024-01-01_12-07-27img_basic.jpg</path>
	<source>
		<database>Unspecified</database>
	</source>
	<size>
		<width>767</width>
		<height>1068</height>
		<depth>3</depth>
	</size>
	<object>
		<name>ebike</name>
		<pose>Unspecified</pose>
		<truncated>0</truncated>
		<difficult>0</difficult>
		<bndbox>
			<xmin>6</xmin>
			<ymin>141</ymin>
			<xmax>413</xmax>
			<ymax>779</ymax>
		</bndbox>
	</object>
	<object>
		<name>ebike</name>
		<pose>Unspecified</pose>
		<truncated>0</truncated>
		<difficult>0</difficult>
		<bndbox>
			<xmin>567</xmin>
			<ymin>185</ymin>
			<xmax>767</xmax>
			<ymax>709</ymax>
		</bndbox>
	</object>
</annotation>