<annotation>
	<folder>my-project-name</folder>
	<filename>Snipaste_2024-01-02_10-35-35img_move.jpg</filename>
	<path>/my-project-name/Snipaste_2024-01-02_10-35-35img_move.jpg</path>
	<source>
		<database>Unspecified</database>
	</source>
	<size>
		<width>457</width>
		<height>454</height>
		<depth>3</depth>
	</size>
	<object>
		<name>ebike</name>
		<pose>Unspecified</pose>
		<truncated>0</truncated>
		<difficult>0</difficult>
		<bndbox>
			<xmin>264</xmin>
			<ymin>337</ymin>
			<xmax>370</xmax>
			<ymax>453</ymax>
		</bndbox>
	</object>
	<object>
		<name>person</name>
		<pose>Unspecified</pose>
		<truncated>0</truncated>
		<difficult>0</difficult>
		<bndbox>
			<xmin>208</xmin>
			<ymin>150</ymin>
			<xmax>296</xmax>
			<ymax>454</ymax>
		</bndbox>
	</object>
</annotation>