<annotation>
	<folder>my-project-name</folder>
	<filename>Snipaste_2024-01-02_10-33-21img_basic.jpg</filename>
	<path>/my-project-name/Snipaste_2024-01-02_10-33-21img_basic.jpg</path>
	<source>
		<database>Unspecified</database>
	</source>
	<size>
		<width>600</width>
		<height>897</height>
		<depth>3</depth>
	</size>
	<object>
		<name>ebike</name>
		<pose>Unspecified</pose>
		<truncated>0</truncated>
		<difficult>0</difficult>
		<bndbox>
			<xmin>340</xmin>
			<ymin>240</ymin>
			<xmax>600</xmax>
			<ymax>586</ymax>
		</bndbox>
	</object>
	<object>
		<name>person</name>
		<pose>Unspecified</pose>
		<truncated>0</truncated>
		<difficult>0</difficult>
		<bndbox>
			<xmin>128</xmin>
			<ymin>98</ymin>
			<xmax>399</xmax>
			<ymax>569</ymax>
		</bndbox>
	</object>
	<object>
		<name>person</name>
		<pose>Unspecified</pose>
		<truncated>0</truncated>
		<difficult>0</difficult>
		<bndbox>
			<xmin>368</xmin>
			<ymin>82</ymin>
			<xmax>600</xmax>
			<ymax>429</ymax>
		</bndbox>
	</object>
</annotation>