<annotation>
	<folder>my-project-name</folder>
	<filename>Snipaste_2024-01-01_12-08-32.png</filename>
	<path>/my-project-name/Snipaste_2024-01-01_12-08-32.png</path>
	<source>
		<database>Unspecified</database>
	</source>
	<size>
		<width>921</width>
		<height>490</height>
		<depth>3</depth>
	</size>
	<object>
		<name>ebike</name>
		<pose>Unspecified</pose>
		<truncated>0</truncated>
		<difficult>0</difficult>
		<bndbox>
			<xmin>523</xmin>
			<ymin>315</ymin>
			<xmax>794</xmax>
			<ymax>490</ymax>
		</bndbox>
	</object>
	<object>
		<name>person</name>
		<pose>Unspecified</pose>
		<truncated>0</truncated>
		<difficult>0</difficult>
		<bndbox>
			<xmin>410</xmin>
			<ymin>166</ymin>
			<xmax>529</xmax>
			<ymax>489</ymax>
		</bndbox>
	</object>
</annotation>