<annotation>
	<folder>my-project-name</folder>
	<filename>Snipaste_2024-01-02_10-35-17.png</filename>
	<path>/my-project-name/Snipaste_2024-01-02_10-35-17.png</path>
	<source>
		<database>Unspecified</database>
	</source>
	<size>
		<width>439</width>
		<height>630</height>
		<depth>3</depth>
	</size>
	<object>
		<name>ebike</name>
		<pose>Unspecified</pose>
		<truncated>0</truncated>
		<difficult>0</difficult>
		<bndbox>
			<xmin>222</xmin>
			<ymin>264</ymin>
			<xmax>341</xmax>
			<ymax>628</ymax>
		</bndbox>
	</object>
	<object>
		<name>person</name>
		<pose>Unspecified</pose>
		<truncated>0</truncated>
		<difficult>0</difficult>
		<bndbox>
			<xmin>155</xmin>
			<ymin>162</ymin>
			<xmax>329</xmax>
			<ymax>547</ymax>
		</bndbox>
	</object>
</annotation>