<annotation>
	<folder>my-project-name</folder>
	<filename>Snipaste_2024-01-01_12-08-12.png</filename>
	<path>/my-project-name/Snipaste_2024-01-01_12-08-12.png</path>
	<source>
		<database>Unspecified</database>
	</source>
	<size>
		<width>887</width>
		<height>904</height>
		<depth>3</depth>
	</size>
	<object>
		<name>ebike</name>
		<pose>Unspecified</pose>
		<truncated>0</truncated>
		<difficult>0</difficult>
		<bndbox>
			<xmin>81</xmin>
			<ymin>430</ymin>
			<xmax>749</xmax>
			<ymax>896</ymax>
		</bndbox>
	</object>
	<object>
		<name>person</name>
		<pose>Unspecified</pose>
		<truncated>0</truncated>
		<difficult>0</difficult>
		<bndbox>
			<xmin>146</xmin>
			<ymin>302</ymin>
			<xmax>543</xmax>
			<ymax>899</ymax>
		</bndbox>
	</object>
</annotation>