<annotation>
	<folder>my-project-name</folder>
	<filename>Snipaste_2024-01-02_10-35-35img_basic.jpg</filename>
	<path>/my-project-name/Snipaste_2024-01-02_10-35-35img_basic.jpg</path>
	<source>
		<database>Unspecified</database>
	</source>
	<size>
		<width>454</width>
		<height>457</height>
		<depth>3</depth>
	</size>
	<object>
		<name>ebike</name>
		<pose>Unspecified</pose>
		<truncated>0</truncated>
		<difficult>0</difficult>
		<bndbox>
			<xmin>175</xmin>
			<ymin>205</ymin>
			<xmax>284</xmax>
			<ymax>346</ymax>
		</bndbox>
	</object>
	<object>
		<name>person</name>
		<pose>Unspecified</pose>
		<truncated>0</truncated>
		<difficult>0</difficult>
		<bndbox>
			<xmin>139</xmin>
			<ymin>50</ymin>
			<xmax>219</xmax>
			<ymax>370</ymax>
		</bndbox>
	</object>
</annotation>