<annotation>
	<folder>my-project-name</folder>
	<filename>Snipaste_2024-01-02_10-31-29blur.jpg</filename>
	<path>/my-project-name/Snipaste_2024-01-02_10-31-29blur.jpg</path>
	<source>
		<database>Unspecified</database>
	</source>
	<size>
		<width>721</width>
		<height>847</height>
		<depth>3</depth>
	</size>
	<object>
		<name>ebike</name>
		<pose>Unspecified</pose>
		<truncated>0</truncated>
		<difficult>0</difficult>
		<bndbox>
			<xmin>143</xmin>
			<ymin>331</ymin>
			<xmax>401</xmax>
			<ymax>770</ymax>
		</bndbox>
	</object>
	<object>
		<name>person</name>
		<pose>Unspecified</pose>
		<truncated>0</truncated>
		<difficult>0</difficult>
		<bndbox>
			<xmin>304</xmin>
			<ymin>288</ymin>
			<xmax>519</xmax>
			<ymax>580</ymax>
		</bndbox>
	</object>
</annotation>