<annotation>
	<folder>my-project-name</folder>
	<filename>Snipaste_2024-01-02_10-33-40img_reverse.jpg</filename>
	<path>/my-project-name/Snipaste_2024-01-02_10-33-40img_reverse.jpg</path>
	<source>
		<database>Unspecified</database>
	</source>
	<size>
		<width>893</width>
		<height>507</height>
		<depth>3</depth>
	</size>
	<object>
		<name>ebike</name>
		<pose>Unspecified</pose>
		<truncated>0</truncated>
		<difficult>0</difficult>
		<bndbox>
			<xmin>354</xmin>
			<ymin>229</ymin>
			<xmax>452</xmax>
			<ymax>505</ymax>
		</bndbox>
	</object>
	<object>
		<name>person</name>
		<pose>Unspecified</pose>
		<truncated>0</truncated>
		<difficult>0</difficult>
		<bndbox>
			<xmin>393</xmin>
			<ymin>75</ymin>
			<xmax>533</xmax>
			<ymax>496</ymax>
		</bndbox>
	</object>
</annotation>