<annotation>
	<folder>my-project-name</folder>
	<filename>Snipaste_2024-01-01_12-09-06img_Pepper.jpg</filename>
	<path>/my-project-name/Snipaste_2024-01-01_12-09-06img_Pepper.jpg</path>
	<source>
		<database>Unspecified</database>
	</source>
	<size>
		<width>885</width>
		<height>410</height>
		<depth>3</depth>
	</size>
	<object>
		<name>ebike</name>
		<pose>Unspecified</pose>
		<truncated>0</truncated>
		<difficult>0</difficult>
		<bndbox>
			<xmin>310</xmin>
			<ymin>188</ymin>
			<xmax>639</xmax>
			<ymax>407</ymax>
		</bndbox>
	</object>
	<object>
		<name>person</name>
		<pose>Unspecified</pose>
		<truncated>0</truncated>
		<difficult>0</difficult>
		<bndbox>
			<xmin>337</xmin>
			<ymin>136</ymin>
			<xmax>516</xmax>
			<ymax>290</ymax>
		</bndbox>
	</object>
</annotation>