<annotation>
	<folder>my-project-name</folder>
	<filename>Snipaste_2024-01-01_12-09-41img_basic.jpg</filename>
	<path>/my-project-name/Snipaste_2024-01-01_12-09-41img_basic.jpg</path>
	<source>
		<database>Unspecified</database>
	</source>
	<size>
		<width>576</width>
		<height>928</height>
		<depth>3</depth>
	</size>
	<object>
		<name>person</name>
		<pose>Unspecified</pose>
		<truncated>0</truncated>
		<difficult>0</difficult>
		<bndbox>
			<xmin>384</xmin>
			<ymin>151</ymin>
			<xmax>561</xmax>
			<ymax>548</ymax>
		</bndbox>
	</object>
</annotation>