<annotation>
	<folder>my-project-name</folder>
	<filename>Snipaste_2024-01-02_10-36-45GaussNoise.jpg</filename>
	<path>/my-project-name/Snipaste_2024-01-02_10-36-45GaussNoise.jpg</path>
	<source>
		<database>Unspecified</database>
	</source>
	<size>
		<width>909</width>
		<height>616</height>
		<depth>3</depth>
	</size>
	<object>
		<name>ebike</name>
		<pose>Unspecified</pose>
		<truncated>0</truncated>
		<difficult>0</difficult>
		<bndbox>
			<xmin>18</xmin>
			<ymin>169</ymin>
			<xmax>372</xmax>
			<ymax>555</ymax>
		</bndbox>
	</object>
	<object>
		<name>ebike</name>
		<pose>Unspecified</pose>
		<truncated>0</truncated>
		<difficult>0</difficult>
		<bndbox>
			<xmin>505</xmin>
			<ymin>92</ymin>
			<xmax>909</xmax>
			<ymax>615</ymax>
		</bndbox>
	</object>
	<object>
		<name>ebike</name>
		<pose>Unspecified</pose>
		<truncated>0</truncated>
		<difficult>0</difficult>
		<bndbox>
			<xmin>427</xmin>
			<ymin>188</ymin>
			<xmax>603</xmax>
			<ymax>518</ymax>
		</bndbox>
	</object>
</annotation>