<annotation>
	<folder>my-project-name</folder>
	<filename>Snipaste_2024-01-01_12-08-24img_basic.jpg</filename>
	<path>/my-project-name/Snipaste_2024-01-01_12-08-24img_basic.jpg</path>
	<source>
		<database>Unspecified</database>
	</source>
	<size>
		<width>526</width>
		<height>894</height>
		<depth>3</depth>
	</size>
	<object>
		<name>ebike</name>
		<pose>Unspecified</pose>
		<truncated>0</truncated>
		<difficult>0</difficult>
		<bndbox>
			<xmin>4</xmin>
			<ymin>5</ymin>
			<xmax>522</xmax>
			<ymax>563</ymax>
		</bndbox>
	</object>
	<object>
		<name>person</name>
		<pose>Unspecified</pose>
		<truncated>0</truncated>
		<difficult>0</difficult>
		<bndbox>
			<xmin>76</xmin>
			<ymin>0</ymin>
			<xmax>441</xmax>
			<ymax>169</ymax>
		</bndbox>
	</object>
</annotation>