<annotation>
	<folder>my-project-name</folder>
	<filename>Snipaste_2024-01-01_12-09-41img_light.jpg</filename>
	<path>/my-project-name/Snipaste_2024-01-01_12-09-41img_light.jpg</path>
	<source>
		<database>Unspecified</database>
	</source>
	<size>
		<width>928</width>
		<height>576</height>
		<depth>3</depth>
	</size>
	<object>
		<name>ebike</name>
		<pose>Unspecified</pose>
		<truncated>0</truncated>
		<difficult>0</difficult>
		<bndbox>
			<xmin>493</xmin>
			<ymin>351</ymin>
			<xmax>687</xmax>
			<ymax>576</ymax>
		</bndbox>
	</object>
	<object>
		<name>person</name>
		<pose>Unspecified</pose>
		<truncated>0</truncated>
		<difficult>0</difficult>
		<bndbox>
			<xmin>401</xmin>
			<ymin>256</ymin>
			<xmax>556</xmax>
			<ymax>574</ymax>
		</bndbox>
	</object>
</annotation>