<annotation>
	<folder>my-project-name</folder>
	<filename>Snipaste_2024-01-02_10-32-52img_basic.jpg</filename>
	<path>/my-project-name/Snipaste_2024-01-02_10-32-52img_basic.jpg</path>
	<source>
		<database>Unspecified</database>
	</source>
	<size>
		<width>624</width>
		<height>422</height>
		<depth>3</depth>
	</size>
	<object>
		<name>ebike</name>
		<pose>Unspecified</pose>
		<truncated>0</truncated>
		<difficult>0</difficult>
		<bndbox>
			<xmin>193</xmin>
			<ymin>262</ymin>
			<xmax>350</xmax>
			<ymax>422</ymax>
		</bndbox>
	</object>
	<object>
		<name>person</name>
		<pose>Unspecified</pose>
		<truncated>0</truncated>
		<difficult>0</difficult>
		<bndbox>
			<xmin>80</xmin>
			<ymin>134</ymin>
			<xmax>216</xmax>
			<ymax>422</ymax>
		</bndbox>
	</object>
</annotation>