<annotation>
	<folder>my-project-name</folder>
	<filename>Snipaste_2024-01-01_12-08-32GaussNoise.jpg</filename>
	<path>/my-project-name/Snipaste_2024-01-01_12-08-32GaussNoise.jpg</path>
	<source>
		<database>Unspecified</database>
	</source>
	<size>
		<width>921</width>
		<height>490</height>
		<depth>3</depth>
	</size>
	<object>
		<name>ebike</name>
		<pose>Unspecified</pose>
		<truncated>0</truncated>
		<difficult>0</difficult>
		<bndbox>
			<xmin>532</xmin>
			<ymin>322</ymin>
			<xmax>795</xmax>
			<ymax>486</ymax>
		</bndbox>
	</object>
	<object>
		<name>person</name>
		<pose>Unspecified</pose>
		<truncated>0</truncated>
		<difficult>0</difficult>
		<bndbox>
			<xmin>417</xmin>
			<ymin>164</ymin>
			<xmax>531</xmax>
			<ymax>489</ymax>
		</bndbox>
	</object>
</annotation>