<annotation>
	<folder>my-project-name</folder>
	<filename>Snipaste_2024-01-01_12-08-24img_light.jpg</filename>
	<path>/my-project-name/Snipaste_2024-01-01_12-08-24img_light.jpg</path>
	<source>
		<database>Unspecified</database>
	</source>
	<size>
		<width>894</width>
		<height>526</height>
		<depth>3</depth>
	</size>
	<object>
		<name>ebike</name>
		<pose>Unspecified</pose>
		<truncated>0</truncated>
		<difficult>0</difficult>
		<bndbox>
			<xmin>71</xmin>
			<ymin>4</ymin>
			<xmax>734</xmax>
			<ymax>519</ymax>
		</bndbox>
	</object>
	<object>
		<name>person</name>
		<pose>Unspecified</pose>
		<truncated>0</truncated>
		<difficult>0</difficult>
		<bndbox>
			<xmin>157</xmin>
			<ymin>0</ymin>
			<xmax>500</xmax>
			<ymax>171</ymax>
		</bndbox>
	</object>
</annotation>