<annotation>
	<folder>my-project-name</folder>
	<filename>Snipaste_2024-01-02_10-36-25GaussNoise.jpg</filename>
	<path>/my-project-name/Snipaste_2024-01-02_10-36-25GaussNoise.jpg</path>
	<source>
		<database>Unspecified</database>
	</source>
	<size>
		<width>350</width>
		<height>762</height>
		<depth>3</depth>
	</size>
	<object>
		<name>ebike</name>
		<pose>Unspecified</pose>
		<truncated>0</truncated>
		<difficult>0</difficult>
		<bndbox>
			<xmin>46</xmin>
			<ymin>322</ymin>
			<xmax>306</xmax>
			<ymax>687</ymax>
		</bndbox>
	</object>
	<object>
		<name>person</name>
		<pose>Unspecified</pose>
		<truncated>0</truncated>
		<difficult>0</difficult>
		<bndbox>
			<xmin>42</xmin>
			<ymin>224</ymin>
			<xmax>226</xmax>
			<ymax>697</ymax>
		</bndbox>
	</object>
</annotation>