<annotation>
	<folder>my-project-name</folder>
	<filename>Snipaste_2024-01-02_10-33-51img_move.jpg</filename>
	<path>/my-project-name/Snipaste_2024-01-02_10-33-51img_move.jpg</path>
	<source>
		<database>Unspecified</database>
	</source>
	<size>
		<width>459</width>
		<height>633</height>
		<depth>3</depth>
	</size>
	<object>
		<name>ebike</name>
		<pose>Unspecified</pose>
		<truncated>0</truncated>
		<difficult>0</difficult>
		<bndbox>
			<xmin>243</xmin>
			<ymin>467</ymin>
			<xmax>451</xmax>
			<ymax>633</ymax>
		</bndbox>
	</object>
	<object>
		<name>person</name>
		<pose>Unspecified</pose>
		<truncated>0</truncated>
		<difficult>0</difficult>
		<bndbox>
			<xmin>243</xmin>
			<ymin>388</ymin>
			<xmax>386</xmax>
			<ymax>584</ymax>
		</bndbox>
	</object>
</annotation>