<annotation>
	<folder>my-project-name</folder>
	<filename>Snipaste_2024-01-01_12-09-56img_light.jpg</filename>
	<path>/my-project-name/Snipaste_2024-01-01_12-09-56img_light.jpg</path>
	<source>
		<database>Unspecified</database>
	</source>
	<size>
		<width>929</width>
		<height>411</height>
		<depth>3</depth>
	</size>
	<object>
		<name>ebike</name>
		<pose>Unspecified</pose>
		<truncated>0</truncated>
		<difficult>0</difficult>
		<bndbox>
			<xmin>293</xmin>
			<ymin>59</ymin>
			<xmax>573</xmax>
			<ymax>410</ymax>
		</bndbox>
	</object>
	<object>
		<name>person</name>
		<pose>Unspecified</pose>
		<truncated>0</truncated>
		<difficult>0</difficult>
		<bndbox>
			<xmin>177</xmin>
			<ymin>0</ymin>
			<xmax>408</xmax>
			<ymax>409</ymax>
		</bndbox>
	</object>
</annotation>