<annotation>
	<folder>my-project-name</folder>
	<filename>Snipaste_2024-01-01_12-09-25img_light.jpg</filename>
	<path>/my-project-name/Snipaste_2024-01-01_12-09-25img_light.jpg</path>
	<source>
		<database>Unspecified</database>
	</source>
	<size>
		<width>858</width>
		<height>414</height>
		<depth>3</depth>
	</size>
	<object>
		<name>ebike</name>
		<pose>Unspecified</pose>
		<truncated>0</truncated>
		<difficult>0</difficult>
		<bndbox>
			<xmin>356</xmin>
			<ymin>243</ymin>
			<xmax>570</xmax>
			<ymax>413</ymax>
		</bndbox>
	</object>
	<object>
		<name>person</name>
		<pose>Unspecified</pose>
		<truncated>0</truncated>
		<difficult>0</difficult>
		<bndbox>
			<xmin>516</xmin>
			<ymin>140</ymin>
			<xmax>663</xmax>
			<ymax>414</ymax>
		</bndbox>
	</object>
</annotation>