<annotation>
	<folder>my-project-name</folder>
	<filename>Snipaste_2024-01-01_12-10-05blur.jpg</filename>
	<path>/my-project-name/Snipaste_2024-01-01_12-10-05blur.jpg</path>
	<source>
		<database>Unspecified</database>
	</source>
	<size>
		<width>914</width>
		<height>733</height>
		<depth>3</depth>
	</size>
	<object>
		<name>ebike</name>
		<pose>Unspecified</pose>
		<truncated>0</truncated>
		<difficult>0</difficult>
		<bndbox>
			<xmin>397</xmin>
			<ymin>292</ymin>
			<xmax>700</xmax>
			<ymax>725</ymax>
		</bndbox>
	</object>
	<object>
		<name>person</name>
		<pose>Unspecified</pose>
		<truncated>0</truncated>
		<difficult>0</difficult>
		<bndbox>
			<xmin>231</xmin>
			<ymin>157</ymin>
			<xmax>447</xmax>
			<ymax>661</ymax>
		</bndbox>
	</object>
</annotation>