<annotation>
	<folder>my-project-name</folder>
	<filename>Snipaste_2024-01-01_12-10-05img_move.jpg</filename>
	<path>/my-project-name/Snipaste_2024-01-01_12-10-05img_move.jpg</path>
	<source>
		<database>Unspecified</database>
	</source>
	<size>
		<width>914</width>
		<height>733</height>
		<depth>3</depth>
	</size>
	<object>
		<name>ebike</name>
		<pose>Unspecified</pose>
		<truncated>0</truncated>
		<difficult>0</difficult>
		<bndbox>
			<xmin>398</xmin>
			<ymin>541</ymin>
			<xmax>653</xmax>
			<ymax>733</ymax>
		</bndbox>
	</object>
	<object>
		<name>person</name>
		<pose>Unspecified</pose>
		<truncated>0</truncated>
		<difficult>0</difficult>
		<bndbox>
			<xmin>236</xmin>
			<ymin>400</ymin>
			<xmax>437</xmax>
			<ymax>729</ymax>
		</bndbox>
	</object>
</annotation>