<annotation>
	<folder>my-project-name</folder>
	<filename>Snipaste_2024-01-02_10-33-02img_basic.jpg</filename>
	<path>/my-project-name/Snipaste_2024-01-02_10-33-02img_basic.jpg</path>
	<source>
		<database>Unspecified</database>
	</source>
	<size>
		<width>632</width>
		<height>463</height>
		<depth>3</depth>
	</size>
	<object>
		<name>ebike</name>
		<pose>Unspecified</pose>
		<truncated>0</truncated>
		<difficult>0</difficult>
		<bndbox>
			<xmin>284</xmin>
			<ymin>354</ymin>
			<xmax>367</xmax>
			<ymax>463</ymax>
		</bndbox>
	</object>
	<object>
		<name>person</name>
		<pose>Unspecified</pose>
		<truncated>0</truncated>
		<difficult>0</difficult>
		<bndbox>
			<xmin>156</xmin>
			<ymin>203</ymin>
			<xmax>288</xmax>
			<ymax>463</ymax>
		</bndbox>
	</object>
</annotation>