<annotation>
	<folder>my-project-name</folder>
	<filename>Snipaste_2024-01-02_10-33-02GaussNoise.jpg</filename>
	<path>/my-project-name/Snipaste_2024-01-02_10-33-02GaussNoise.jpg</path>
	<source>
		<database>Unspecified</database>
	</source>
	<size>
		<width>463</width>
		<height>632</height>
		<depth>3</depth>
	</size>
	<object>
		<name>ebike</name>
		<pose>Unspecified</pose>
		<truncated>0</truncated>
		<difficult>0</difficult>
		<bndbox>
			<xmin>210</xmin>
			<ymin>391</ymin>
			<xmax>338</xmax>
			<ymax>632</ymax>
		</bndbox>
	</object>
	<object>
		<name>person</name>
		<pose>Unspecified</pose>
		<truncated>0</truncated>
		<difficult>0</difficult>
		<bndbox>
			<xmin>81</xmin>
			<ymin>171</ymin>
			<xmax>256</xmax>
			<ymax>628</ymax>
		</bndbox>
	</object>
</annotation>