<annotation>
	<folder>my-project-name</folder>
	<filename>Snipaste_2024-01-01_12-09-25.png</filename>
	<path>/my-project-name/Snipaste_2024-01-01_12-09-25.png</path>
	<source>
		<database>Unspecified</database>
	</source>
	<size>
		<width>858</width>
		<height>414</height>
		<depth>3</depth>
	</size>
	<object>
		<name>ebike</name>
		<pose>Unspecified</pose>
		<truncated>0</truncated>
		<difficult>0</difficult>
		<bndbox>
			<xmin>359</xmin>
			<ymin>245</ymin>
			<xmax>575</xmax>
			<ymax>409</ymax>
		</bndbox>
	</object>
	<object>
		<name>person</name>
		<pose>Unspecified</pose>
		<truncated>0</truncated>
		<difficult>0</difficult>
		<bndbox>
			<xmin>504</xmin>
			<ymin>133</ymin>
			<xmax>663</xmax>
			<ymax>414</ymax>
		</bndbox>
	</object>
</annotation>