<annotation>
	<folder>my-project-name</folder>
	<filename>Snipaste_2024-01-01_12-08-12img_move.jpg</filename>
	<path>/my-project-name/Snipaste_2024-01-01_12-08-12img_move.jpg</path>
	<source>
		<database>Unspecified</database>
	</source>
	<size>
		<width>887</width>
		<height>904</height>
		<depth>3</depth>
	</size>
	<object>
		<name>ebike</name>
		<pose>Unspecified</pose>
		<truncated>0</truncated>
		<difficult>0</difficult>
		<bndbox>
			<xmin>352</xmin>
			<ymin>507</ymin>
			<xmax>887</xmax>
			<ymax>898</ymax>
		</bndbox>
	</object>
	<object>
		<name>person</name>
		<pose>Unspecified</pose>
		<truncated>0</truncated>
		<difficult>0</difficult>
		<bndbox>
			<xmin>400</xmin>
			<ymin>375</ymin>
			<xmax>816</xmax>
			<ymax>882</ymax>
		</bndbox>
	</object>
</annotation>