<annotation>
	<folder>my-project-name</folder>
	<filename>Snipaste_2024-01-01_12-09-56.png</filename>
	<path>/my-project-name/Snipaste_2024-01-01_12-09-56.png</path>
	<source>
		<database>Unspecified</database>
	</source>
	<size>
		<width>929</width>
		<height>411</height>
		<depth>3</depth>
	</size>
	<object>
		<name>ebike</name>
		<pose>Unspecified</pose>
		<truncated>0</truncated>
		<difficult>0</difficult>
		<bndbox>
			<xmin>284</xmin>
			<ymin>63</ymin>
			<xmax>574</xmax>
			<ymax>408</ymax>
		</bndbox>
	</object>
	<object>
		<name>person</name>
		<pose>Unspecified</pose>
		<truncated>0</truncated>
		<difficult>0</difficult>
		<bndbox>
			<xmin>189</xmin>
			<ymin>8</ymin>
			<xmax>372</xmax>
			<ymax>408</ymax>
		</bndbox>
	</object>
</annotation>