<annotation>
	<folder>my-project-name</folder>
	<filename>Snipaste_2024-01-01_12-09-06img_move.jpg</filename>
	<path>/my-project-name/Snipaste_2024-01-01_12-09-06img_move.jpg</path>
	<source>
		<database>Unspecified</database>
	</source>
	<size>
		<width>885</width>
		<height>410</height>
		<depth>3</depth>
	</size>
	<object>
		<name>ebike</name>
		<pose>Unspecified</pose>
		<truncated>0</truncated>
		<difficult>0</difficult>
		<bndbox>
			<xmin>476</xmin>
			<ymin>240</ymin>
			<xmax>800</xmax>
			<ymax>407</ymax>
		</bndbox>
	</object>
	<object>
		<name>person</name>
		<pose>Unspecified</pose>
		<truncated>0</truncated>
		<difficult>0</difficult>
		<bndbox>
			<xmin>510</xmin>
			<ymin>191</ymin>
			<xmax>678</xmax>
			<ymax>336</ymax>
		</bndbox>
	</object>
</annotation>