<annotation>
	<folder>my-project-name</folder>
	<filename>Snipaste_2024-01-02_10-33-40img_Pepper.jpg</filename>
	<path>/my-project-name/Snipaste_2024-01-02_10-33-40img_Pepper.jpg</path>
	<source>
		<database>Unspecified</database>
	</source>
	<size>
		<width>893</width>
		<height>507</height>
		<depth>3</depth>
	</size>
	<object>
		<name>ebike</name>
		<pose>Unspecified</pose>
		<truncated>0</truncated>
		<difficult>0</difficult>
		<bndbox>
			<xmin>432</xmin>
			<ymin>231</ymin>
			<xmax>541</xmax>
			<ymax>504</ymax>
		</bndbox>
	</object>
	<object>
		<name>person</name>
		<pose>Unspecified</pose>
		<truncated>0</truncated>
		<difficult>0</difficult>
		<bndbox>
			<xmin>371</xmin>
			<ymin>61</ymin>
			<xmax>512</xmax>
			<ymax>494</ymax>
		</bndbox>
	</object>
</annotation>