<annotation>
	<folder>my-project-name</folder>
	<filename>Snipaste_2024-01-02_10-31-29img_reverse.jpg</filename>
	<path>/my-project-name/Snipaste_2024-01-02_10-31-29img_reverse.jpg</path>
	<source>
		<database>Unspecified</database>
	</source>
	<size>
		<width>721</width>
		<height>847</height>
		<depth>3</depth>
	</size>
	<object>
		<name>ebike</name>
		<pose>Unspecified</pose>
		<truncated>0</truncated>
		<difficult>0</difficult>
		<bndbox>
			<xmin>322</xmin>
			<ymin>323</ymin>
			<xmax>551</xmax>
			<ymax>782</ymax>
		</bndbox>
	</object>
	<object>
		<name>person</name>
		<pose>Unspecified</pose>
		<truncated>0</truncated>
		<difficult>0</difficult>
		<bndbox>
			<xmin>210</xmin>
			<ymin>301</ymin>
			<xmax>409</xmax>
			<ymax>580</ymax>
		</bndbox>
	</object>
</annotation>