<annotation>
	<folder>my-project-name</folder>
	<filename>Snipaste_2024-01-01_12-08-53img_light.jpg</filename>
	<path>/my-project-name/Snipaste_2024-01-01_12-08-53img_light.jpg</path>
	<source>
		<database>Unspecified</database>
	</source>
	<size>
		<width>891</width>
		<height>928</height>
		<depth>3</depth>
	</size>
	<object>
		<name>ebike</name>
		<pose>Unspecified</pose>
		<truncated>0</truncated>
		<difficult>0</difficult>
		<bndbox>
			<xmin>490</xmin>
			<ymin>605</ymin>
			<xmax>751</xmax>
			<ymax>882</ymax>
		</bndbox>
	</object>
	<object>
		<name>person</name>
		<pose>Unspecified</pose>
		<truncated>0</truncated>
		<difficult>0</difficult>
		<bndbox>
			<xmin>431</xmin>
			<ymin>251</ymin>
			<xmax>826</xmax>
			<ymax>809</ymax>
		</bndbox>
	</object>
</annotation>