<annotation>
	<folder>my-project-name</folder>
	<filename>Snipaste_2024-01-02_10-35-17img_basic.jpg</filename>
	<path>/my-project-name/Snipaste_2024-01-02_10-35-17img_basic.jpg</path>
	<source>
		<database>Unspecified</database>
	</source>
	<size>
		<width>630</width>
		<height>439</height>
		<depth>3</depth>
	</size>
	<object>
		<name>ebike</name>
		<pose>Unspecified</pose>
		<truncated>0</truncated>
		<difficult>0</difficult>
		<bndbox>
			<xmin>233</xmin>
			<ymin>278</ymin>
			<xmax>345</xmax>
			<ymax>438</ymax>
		</bndbox>
	</object>
	<object>
		<name>person</name>
		<pose>Unspecified</pose>
		<truncated>0</truncated>
		<difficult>0</difficult>
		<bndbox>
			<xmin>136</xmin>
			<ymin>158</ymin>
			<xmax>337</xmax>
			<ymax>437</ymax>
		</bndbox>
	</object>
</annotation>