<annotation>
	<folder>my-project-name</folder>
	<filename>Snipaste_2024-01-02_10-33-51img_light.jpg</filename>
	<path>/my-project-name/Snipaste_2024-01-02_10-33-51img_light.jpg</path>
	<source>
		<database>Unspecified</database>
	</source>
	<size>
		<width>459</width>
		<height>633</height>
		<depth>3</depth>
	</size>
	<object>
		<name>ebike</name>
		<pose>Unspecified</pose>
		<truncated>0</truncated>
		<difficult>0</difficult>
		<bndbox>
			<xmin>93</xmin>
			<ymin>376</ymin>
			<xmax>288</xmax>
			<ymax>630</ymax>
		</bndbox>
	</object>
	<object>
		<name>person</name>
		<pose>Unspecified</pose>
		<truncated>0</truncated>
		<difficult>0</difficult>
		<bndbox>
			<xmin>90</xmin>
			<ymin>294</ymin>
			<xmax>221</xmax>
			<ymax>493</ymax>
		</bndbox>
	</object>
</annotation>