<annotation>
	<folder>my-project-name</folder>
	<filename>Snipaste_2024-01-02_10-35-59img_basic.jpg</filename>
	<path>/my-project-name/Snipaste_2024-01-02_10-35-59img_basic.jpg</path>
	<source>
		<database>Unspecified</database>
	</source>
	<size>
		<width>586</width>
		<height>830</height>
		<depth>3</depth>
	</size>
	<object>
		<name>ebike</name>
		<pose>Unspecified</pose>
		<truncated>0</truncated>
		<difficult>0</difficult>
		<bndbox>
			<xmin>118</xmin>
			<ymin>174</ymin>
			<xmax>504</xmax>
			<ymax>513</ymax>
		</bndbox>
	</object>
	<object>
		<name>ebike</name>
		<pose>Unspecified</pose>
		<truncated>0</truncated>
		<difficult>0</difficult>
		<bndbox>
			<xmin>513</xmin>
			<ymin>94</ymin>
			<xmax>586</xmax>
			<ymax>350</ymax>
		</bndbox>
	</object>
</annotation>