<annotation>
	<folder>my-project-name</folder>
	<filename>Snipaste_2024-01-01_12-09-17img_light.jpg</filename>
	<path>/my-project-name/Snipaste_2024-01-01_12-09-17img_light.jpg</path>
	<source>
		<database>Unspecified</database>
	</source>
	<size>
		<width>929</width>
		<height>416</height>
		<depth>3</depth>
	</size>
	<object>
		<name>ebike</name>
		<pose>Unspecified</pose>
		<truncated>0</truncated>
		<difficult>0</difficult>
		<bndbox>
			<xmin>492</xmin>
			<ymin>221</ymin>
			<xmax>740</xmax>
			<ymax>416</ymax>
		</bndbox>
	</object>
	<object>
		<name>person</name>
		<pose>Unspecified</pose>
		<truncated>0</truncated>
		<difficult>0</difficult>
		<bndbox>
			<xmin>423</xmin>
			<ymin>97</ymin>
			<xmax>701</xmax>
			<ymax>409</ymax>
		</bndbox>
	</object>
	<object>
		<name>person</name>
		<pose>Unspecified</pose>
		<truncated>0</truncated>
		<difficult>0</difficult>
		<bndbox>
			<xmin>620</xmin>
			<ymin>114</ymin>
			<xmax>754</xmax>
			<ymax>205</ymax>
		</bndbox>
	</object>
</annotation>