<annotation>
	<folder>my-project-name</folder>
	<filename>Snipaste_2024-01-01_12-08-24.png</filename>
	<path>/my-project-name/Snipaste_2024-01-01_12-08-24.png</path>
	<source>
		<database>Unspecified</database>
	</source>
	<size>
		<width>894</width>
		<height>526</height>
		<depth>3</depth>
	</size>
	<object>
		<name>ebike</name>
		<pose>Unspecified</pose>
		<truncated>0</truncated>
		<difficult>0</difficult>
		<bndbox>
			<xmin>69</xmin>
			<ymin>3</ymin>
			<xmax>734</xmax>
			<ymax>523</ymax>
		</bndbox>
	</object>
	<object>
		<name>person</name>
		<pose>Unspecified</pose>
		<truncated>0</truncated>
		<difficult>0</difficult>
		<bndbox>
			<xmin>182</xmin>
			<ymin>0</ymin>
			<xmax>522</xmax>
			<ymax>209</ymax>
		</bndbox>
	</object>
</annotation>