<annotation>
	<folder>my-project-name</folder>
	<filename>Snipaste_2024-01-02_10-36-25img_move.jpg</filename>
	<path>/my-project-name/Snipaste_2024-01-02_10-36-25img_move.jpg</path>
	<source>
		<database>Unspecified</database>
	</source>
	<size>
		<width>350</width>
		<height>762</height>
		<depth>3</depth>
	</size>
	<object>
		<name>ebike</name>
		<pose>Unspecified</pose>
		<truncated>0</truncated>
		<difficult>0</difficult>
		<bndbox>
			<xmin>156</xmin>
			<ymin>358</ymin>
			<xmax>348</xmax>
			<ymax>721</ymax>
		</bndbox>
	</object>
	<object>
		<name>person</name>
		<pose>Unspecified</pose>
		<truncated>0</truncated>
		<difficult>0</difficult>
		<bndbox>
			<xmin>153</xmin>
			<ymin>274</ymin>
			<xmax>343</xmax>
			<ymax>735</ymax>
		</bndbox>
	</object>
</annotation>