<annotation>
	<folder>my-project-name</folder>
	<filename>Snipaste_2024-01-01_12-08-12blur.jpg</filename>
	<path>/my-project-name/Snipaste_2024-01-01_12-08-12blur.jpg</path>
	<source>
		<database>Unspecified</database>
	</source>
	<size>
		<width>887</width>
		<height>904</height>
		<depth>3</depth>
	</size>
	<object>
		<name>ebike</name>
		<pose>Unspecified</pose>
		<truncated>0</truncated>
		<difficult>0</difficult>
		<bndbox>
			<xmin>86</xmin>
			<ymin>426</ymin>
			<xmax>740</xmax>
			<ymax>893</ymax>
		</bndbox>
	</object>
	<object>
		<name>person</name>
		<pose>Unspecified</pose>
		<truncated>0</truncated>
		<difficult>0</difficult>
		<bndbox>
			<xmin>148</xmin>
			<ymin>313</ymin>
			<xmax>545</xmax>
			<ymax>884</ymax>
		</bndbox>
	</object>
</annotation>