<annotation>
	<folder>my-project-name</folder>
	<filename>Snipaste_2024-01-02_10-35-35GaussNoise.jpg</filename>
	<path>/my-project-name/Snipaste_2024-01-02_10-35-35GaussNoise.jpg</path>
	<source>
		<database>Unspecified</database>
	</source>
	<size>
		<width>457</width>
		<height>454</height>
		<depth>3</depth>
	</size>
	<object>
		<name>ebike</name>
		<pose>Unspecified</pose>
		<truncated>0</truncated>
		<difficult>0</difficult>
		<bndbox>
			<xmin>160</xmin>
			<ymin>202</ymin>
			<xmax>294</xmax>
			<ymax>371</ymax>
		</bndbox>
	</object>
	<object>
		<name>person</name>
		<pose>Unspecified</pose>
		<truncated>0</truncated>
		<difficult>0</difficult>
		<bndbox>
			<xmin>130</xmin>
			<ymin>14</ymin>
			<xmax>217</xmax>
			<ymax>390</ymax>
		</bndbox>
	</object>
</annotation>