<annotation>
	<folder>my-project-name</folder>
	<filename>Snipaste_2024-01-02_10-36-13img_Pepper.jpg</filename>
	<path>/my-project-name/Snipaste_2024-01-02_10-36-13img_Pepper.jpg</path>
	<source>
		<database>Unspecified</database>
	</source>
	<size>
		<width>904</width>
		<height>519</height>
		<depth>3</depth>
	</size>
	<object>
		<name>ebike</name>
		<pose>Unspecified</pose>
		<truncated>0</truncated>
		<difficult>0</difficult>
		<bndbox>
			<xmin>297</xmin>
			<ymin>213</ymin>
			<xmax>572</xmax>
			<ymax>518</ymax>
		</bndbox>
	</object>
	<object>
		<name>person</name>
		<pose>Unspecified</pose>
		<truncated>0</truncated>
		<difficult>0</difficult>
		<bndbox>
			<xmin>353</xmin>
			<ymin>154</ymin>
			<xmax>550</xmax>
			<ymax>516</ymax>
		</bndbox>
	</object>
</annotation>