<annotation>
	<folder>my-project-name</folder>
	<filename>Snipaste_2024-01-01_12-10-05img_Pepper.jpg</filename>
	<path>/my-project-name/Snipaste_2024-01-01_12-10-05img_Pepper.jpg</path>
	<source>
		<database>Unspecified</database>
	</source>
	<size>
		<width>914</width>
		<height>733</height>
		<depth>3</depth>
	</size>
	<object>
		<name>ebike</name>
		<pose>Unspecified</pose>
		<truncated>0</truncated>
		<difficult>0</difficult>
		<bndbox>
			<xmin>392</xmin>
			<ymin>284</ymin>
			<xmax>680</xmax>
			<ymax>714</ymax>
		</bndbox>
	</object>
	<object>
		<name>person</name>
		<pose>Unspecified</pose>
		<truncated>0</truncated>
		<difficult>0</difficult>
		<bndbox>
			<xmin>233</xmin>
			<ymin>152</ymin>
			<xmax>426</xmax>
			<ymax>660</ymax>
		</bndbox>
	</object>
</annotation>