<annotation>
	<folder>my-project-name</folder>
	<filename>Snipaste_2024-01-01_12-09-17blur.jpg</filename>
	<path>/my-project-name/Snipaste_2024-01-01_12-09-17blur.jpg</path>
	<source>
		<database>Unspecified</database>
	</source>
	<size>
		<width>929</width>
		<height>416</height>
		<depth>3</depth>
	</size>
	<object>
		<name>ebike</name>
		<pose>Unspecified</pose>
		<truncated>0</truncated>
		<difficult>0</difficult>
		<bndbox>
			<xmin>487</xmin>
			<ymin>199</ymin>
			<xmax>748</xmax>
			<ymax>412</ymax>
		</bndbox>
	</object>
	<object>
		<name>person</name>
		<pose>Unspecified</pose>
		<truncated>0</truncated>
		<difficult>0</difficult>
		<bndbox>
			<xmin>432</xmin>
			<ymin>89</ymin>
			<xmax>708</xmax>
			<ymax>412</ymax>
		</bndbox>
	</object>
	<object>
		<name>person</name>
		<pose>Unspecified</pose>
		<truncated>0</truncated>
		<difficult>0</difficult>
		<bndbox>
			<xmin>616</xmin>
			<ymin>119</ymin>
			<xmax>739</xmax>
			<ymax>193</ymax>
		</bndbox>
	</object>
</annotation>