<annotation>
	<folder>my-project-name</folder>
	<filename>Snipaste_2024-01-02_10-35-59img_light.jpg</filename>
	<path>/my-project-name/Snipaste_2024-01-02_10-35-59img_light.jpg</path>
	<source>
		<database>Unspecified</database>
	</source>
	<size>
		<width>830</width>
		<height>586</height>
		<depth>3</depth>
	</size>
	<object>
		<name>ebike</name>
		<pose>Unspecified</pose>
		<truncated>0</truncated>
		<difficult>0</difficult>
		<bndbox>
			<xmin>562</xmin>
			<ymin>164</ymin>
			<xmax>821</xmax>
			<ymax>449</ymax>
		</bndbox>
	</object>
	<object>
		<name>ebike</name>
		<pose>Unspecified</pose>
		<truncated>0</truncated>
		<difficult>0</difficult>
		<bndbox>
			<xmin>121</xmin>
			<ymin>179</ymin>
			<xmax>545</xmax>
			<ymax>495</ymax>
		</bndbox>
	</object>
</annotation>