<annotation>
	<folder>my-project-name</folder>
	<filename>Snipaste_2024-01-01_12-09-06img_basic.jpg</filename>
	<path>/my-project-name/Snipaste_2024-01-01_12-09-06img_basic.jpg</path>
	<source>
		<database>Unspecified</database>
	</source>
	<size>
		<width>410</width>
		<height>885</height>
		<depth>3</depth>
	</size>
	<object>
		<name>ebike</name>
		<pose>Unspecified</pose>
		<truncated>0</truncated>
		<difficult>0</difficult>
		<bndbox>
			<xmin>292</xmin>
			<ymin>250</ymin>
			<xmax>410</xmax>
			<ymax>389</ymax>
		</bndbox>
	</object>
	<object>
		<name>person</name>
		<pose>Unspecified</pose>
		<truncated>0</truncated>
		<difficult>0</difficult>
		<bndbox>
			<xmin>319</xmin>
			<ymin>68</ymin>
			<xmax>410</xmax>
			<ymax>260</ymax>
		</bndbox>
	</object>
</annotation>