<annotation>
	<folder>my-project-name</folder>
	<filename>Snipaste_2024-01-01_12-09-41img_Pepper.jpg</filename>
	<path>/my-project-name/Snipaste_2024-01-01_12-09-41img_Pepper.jpg</path>
	<source>
		<database>Unspecified</database>
	</source>
	<size>
		<width>928</width>
		<height>576</height>
		<depth>3</depth>
	</size>
	<object>
		<name>ebike</name>
		<pose>Unspecified</pose>
		<truncated>0</truncated>
		<difficult>0</difficult>
		<bndbox>
			<xmin>503</xmin>
			<ymin>362</ymin>
			<xmax>686</xmax>
			<ymax>576</ymax>
		</bndbox>
	</object>
	<object>
		<name>person</name>
		<pose>Unspecified</pose>
		<truncated>0</truncated>
		<difficult>0</difficult>
		<bndbox>
			<xmin>407</xmin>
			<ymin>251</ymin>
			<xmax>555</xmax>
			<ymax>575</ymax>
		</bndbox>
	</object>
</annotation>