<annotation>
	<folder>my-project-name</folder>
	<filename>Snipaste_2024-01-02_10-34-10GaussNoise.jpg</filename>
	<path>/my-project-name/Snipaste_2024-01-02_10-34-10GaussNoise.jpg</path>
	<source>
		<database>Unspecified</database>
	</source>
	<size>
		<width>735</width>
		<height>502</height>
		<depth>3</depth>
	</size>
	<object>
		<name>ebike</name>
		<pose>Unspecified</pose>
		<truncated>0</truncated>
		<difficult>0</difficult>
		<bndbox>
			<xmin>280</xmin>
			<ymin>193</ymin>
			<xmax>447</xmax>
			<ymax>502</ymax>
		</bndbox>
	</object>
	<object>
		<name>person</name>
		<pose>Unspecified</pose>
		<truncated>0</truncated>
		<difficult>0</difficult>
		<bndbox>
			<xmin>239</xmin>
			<ymin>130</ymin>
			<xmax>458</xmax>
			<ymax>502</ymax>
		</bndbox>
	</object>
</annotation>