<annotation>
	<folder>my-project-name</folder>
	<filename>Snipaste_2024-01-02_10-38-20img_move.jpg</filename>
	<path>/my-project-name/Snipaste_2024-01-02_10-38-20img_move.jpg</path>
	<source>
		<database>Unspecified</database>
	</source>
	<size>
		<width>811</width>
		<height>657</height>
		<depth>3</depth>
	</size>
	<object>
		<name>ebike</name>
		<pose>Unspecified</pose>
		<truncated>0</truncated>
		<difficult>0</difficult>
		<bndbox>
			<xmin>284</xmin>
			<ymin>480</ymin>
			<xmax>461</xmax>
			<ymax>657</ymax>
		</bndbox>
	</object>
	<object>
		<name>ebike</name>
		<pose>Unspecified</pose>
		<truncated>0</truncated>
		<difficult>0</difficult>
		<bndbox>
			<xmin>591</xmin>
			<ymin>401</ymin>
			<xmax>763</xmax>
			<ymax>657</ymax>
		</bndbox>
	</object>
	<object>
		<name>person</name>
		<pose>Unspecified</pose>
		<truncated>0</truncated>
		<difficult>0</difficult>
		<bndbox>
			<xmin>524</xmin>
			<ymin>278</ymin>
			<xmax>591</xmax>
			<ymax>637</ymax>
		</bndbox>
	</object>
</annotation>