<annotation>
	<folder>my-project-name</folder>
	<filename>Snipaste_2024-01-01_12-09-17.png</filename>
	<path>/my-project-name/Snipaste_2024-01-01_12-09-17.png</path>
	<source>
		<database>Unspecified</database>
	</source>
	<size>
		<width>929</width>
		<height>416</height>
		<depth>3</depth>
	</size>
	<object>
		<name>ebike</name>
		<pose>Unspecified</pose>
		<truncated>0</truncated>
		<difficult>0</difficult>
		<bndbox>
			<xmin>514</xmin>
			<ymin>220</ymin>
			<xmax>740</xmax>
			<ymax>416</ymax>
		</bndbox>
	</object>
	<object>
		<name>person</name>
		<pose>Unspecified</pose>
		<truncated>0</truncated>
		<difficult>0</difficult>
		<bndbox>
			<xmin>432</xmin>
			<ymin>94</ymin>
			<xmax>696</xmax>
			<ymax>411</ymax>
		</bndbox>
	</object>
	<object>
		<name>person</name>
		<pose>Unspecified</pose>
		<truncated>0</truncated>
		<difficult>0</difficult>
		<bndbox>
			<xmin>609</xmin>
			<ymin>115</ymin>
			<xmax>725</xmax>
			<ymax>200</ymax>
		</bndbox>
	</object>
</annotation>