<annotation>
	<folder>my-project-name</folder>
	<filename>Snipaste_2024-01-02_10-36-25img_light.jpg</filename>
	<path>/my-project-name/Snipaste_2024-01-02_10-36-25img_light.jpg</path>
	<source>
		<database>Unspecified</database>
	</source>
	<size>
		<width>350</width>
		<height>762</height>
		<depth>3</depth>
	</size>
	<object>
		<name>ebike</name>
		<pose>Unspecified</pose>
		<truncated>0</truncated>
		<difficult>0</difficult>
		<bndbox>
			<xmin>34</xmin>
			<ymin>392</ymin>
			<xmax>307</xmax>
			<ymax>661</ymax>
		</bndbox>
	</object>
	<object>
		<name>person</name>
		<pose>Unspecified</pose>
		<truncated>0</truncated>
		<difficult>0</difficult>
		<bndbox>
			<xmin>30</xmin>
			<ymin>227</ymin>
			<xmax>212</xmax>
			<ymax>689</ymax>
		</bndbox>
	</object>
</annotation>