<annotation>
	<folder>my-project-name</folder>
	<filename>Snipaste_2024-01-02_10-32-52img_Pepper.jpg</filename>
	<path>/my-project-name/Snipaste_2024-01-02_10-32-52img_Pepper.jpg</path>
	<source>
		<database>Unspecified</database>
	</source>
	<size>
		<width>422</width>
		<height>624</height>
		<depth>3</depth>
	</size>
	<object>
		<name>ebike</name>
		<pose>Unspecified</pose>
		<truncated>0</truncated>
		<difficult>0</difficult>
		<bndbox>
			<xmin>197</xmin>
			<ymin>252</ymin>
			<xmax>347</xmax>
			<ymax>619</ymax>
		</bndbox>
	</object>
	<object>
		<name>person</name>
		<pose>Unspecified</pose>
		<truncated>0</truncated>
		<difficult>0</difficult>
		<bndbox>
			<xmin>111</xmin>
			<ymin>128</ymin>
			<xmax>195</xmax>
			<ymax>557</ymax>
		</bndbox>
	</object>
</annotation>