<annotation>
	<folder>my-project-name</folder>
	<filename>Snipaste_2024-01-02_10-36-45img_basic.jpg</filename>
	<path>/my-project-name/Snipaste_2024-01-02_10-36-45img_basic.jpg</path>
	<source>
		<database>Unspecified</database>
	</source>
	<size>
		<width>616</width>
		<height>909</height>
		<depth>3</depth>
	</size>
	<object>
		<name>ebike</name>
		<pose>Unspecified</pose>
		<truncated>0</truncated>
		<difficult>0</difficult>
		<bndbox>
			<xmin>15</xmin>
			<ymin>204</ymin>
			<xmax>357</xmax>
			<ymax>543</ymax>
		</bndbox>
	</object>
	<object>
		<name>ebike</name>
		<pose>Unspecified</pose>
		<truncated>0</truncated>
		<difficult>0</difficult>
		<bndbox>
			<xmin>413</xmin>
			<ymin>200</ymin>
			<xmax>531</xmax>
			<ymax>511</ymax>
		</bndbox>
	</object>
	<object>
		<name>ebike</name>
		<pose>Unspecified</pose>
		<truncated>0</truncated>
		<difficult>0</difficult>
		<bndbox>
			<xmin>494</xmin>
			<ymin>182</ymin>
			<xmax>616</xmax>
			<ymax>594</ymax>
		</bndbox>
	</object>
</annotation>