<annotation>
	<folder>my-project-name</folder>
	<filename>Snipaste_2024-01-01_12-09-06blur.jpg</filename>
	<path>/my-project-name/Snipaste_2024-01-01_12-09-06blur.jpg</path>
	<source>
		<database>Unspecified</database>
	</source>
	<size>
		<width>885</width>
		<height>410</height>
		<depth>3</depth>
	</size>
	<object>
		<name>ebike</name>
		<pose>Unspecified</pose>
		<truncated>0</truncated>
		<difficult>0</difficult>
		<bndbox>
			<xmin>304</xmin>
			<ymin>187</ymin>
			<xmax>631</xmax>
			<ymax>408</ymax>
		</bndbox>
	</object>
	<object>
		<name>person</name>
		<pose>Unspecified</pose>
		<truncated>0</truncated>
		<difficult>0</difficult>
		<bndbox>
			<xmin>338</xmin>
			<ymin>132</ymin>
			<xmax>526</xmax>
			<ymax>297</ymax>
		</bndbox>
	</object>
</annotation>