<annotation>
	<folder>my-project-name</folder>
	<filename>Snipaste_2024-01-01_12-08-24blur.jpg</filename>
	<path>/my-project-name/Snipaste_2024-01-01_12-08-24blur.jpg</path>
	<source>
		<database>Unspecified</database>
	</source>
	<size>
		<width>894</width>
		<height>526</height>
		<depth>3</depth>
	</size>
	<object>
		<name>ebike</name>
		<pose>Unspecified</pose>
		<truncated>0</truncated>
		<difficult>0</difficult>
		<bndbox>
			<xmin>66</xmin>
			<ymin>2</ymin>
			<xmax>737</xmax>
			<ymax>524</ymax>
		</bndbox>
	</object>
	<object>
		<name>person</name>
		<pose>Unspecified</pose>
		<truncated>0</truncated>
		<difficult>0</difficult>
		<bndbox>
			<xmin>179</xmin>
			<ymin>0</ymin>
			<xmax>517</xmax>
			<ymax>202</ymax>
		</bndbox>
	</object>
</annotation>