<annotation>
	<folder>my-project-name</folder>
	<filename>Snipaste_2024-01-02_10-32-52img_move.jpg</filename>
	<path>/my-project-name/Snipaste_2024-01-02_10-32-52img_move.jpg</path>
	<source>
		<database>Unspecified</database>
	</source>
	<size>
		<width>422</width>
		<height>624</height>
		<depth>3</depth>
	</size>
	<object>
		<name>ebike</name>
		<pose>Unspecified</pose>
		<truncated>0</truncated>
		<difficult>0</difficult>
		<bndbox>
			<xmin>373</xmin>
			<ymin>439</ymin>
			<xmax>422</xmax>
			<ymax>624</ymax>
		</bndbox>
	</object>
	<object>
		<name>person</name>
		<pose>Unspecified</pose>
		<truncated>0</truncated>
		<difficult>0</difficult>
		<bndbox>
			<xmin>284</xmin>
			<ymin>321</ymin>
			<xmax>394</xmax>
			<ymax>619</ymax>
		</bndbox>
	</object>
</annotation>