<annotation>
	<folder>my-project-name</folder>
	<filename>Snipaste_2024-01-01_12-08-32blur.jpg</filename>
	<path>/my-project-name/Snipaste_2024-01-01_12-08-32blur.jpg</path>
	<source>
		<database>Unspecified</database>
	</source>
	<size>
		<width>921</width>
		<height>490</height>
		<depth>3</depth>
	</size>
	<object>
		<name>ebike</name>
		<pose>Unspecified</pose>
		<truncated>0</truncated>
		<difficult>0</difficult>
		<bndbox>
			<xmin>524</xmin>
			<ymin>322</ymin>
			<xmax>812</xmax>
			<ymax>490</ymax>
		</bndbox>
	</object>
	<object>
		<name>person</name>
		<pose>Unspecified</pose>
		<truncated>0</truncated>
		<difficult>0</difficult>
		<bndbox>
			<xmin>411</xmin>
			<ymin>165</ymin>
			<xmax>531</xmax>
			<ymax>484</ymax>
		</bndbox>
	</object>
</annotation>