<annotation>
	<folder>my-project-name</folder>
	<filename>Snipaste_2024-01-02_10-38-20img_light.jpg</filename>
	<path>/my-project-name/Snipaste_2024-01-02_10-38-20img_light.jpg</path>
	<source>
		<database>Unspecified</database>
	</source>
	<size>
		<width>811</width>
		<height>657</height>
		<depth>3</depth>
	</size>
	<object>
		<name>ebike</name>
		<pose>Unspecified</pose>
		<truncated>0</truncated>
		<difficult>0</difficult>
		<bndbox>
			<xmin>305</xmin>
			<ymin>361</ymin>
			<xmax>469</xmax>
			<ymax>597</ymax>
		</bndbox>
	</object>
	<object>
		<name>ebike</name>
		<pose>Unspecified</pose>
		<truncated>0</truncated>
		<difficult>0</difficult>
		<bndbox>
			<xmin>0</xmin>
			<ymin>435</ymin>
			<xmax>168</xmax>
			<ymax>657</ymax>
		</bndbox>
	</object>
	<object>
		<name>person</name>
		<pose>Unspecified</pose>
		<truncated>0</truncated>
		<difficult>0</difficult>
		<bndbox>
			<xmin>236</xmin>
			<ymin>238</ymin>
			<xmax>298</xmax>
			<ymax>602</ymax>
		</bndbox>
	</object>
	<object>
		<name>person</name>
		<pose>Unspecified</pose>
		<truncated>0</truncated>
		<difficult>0</difficult>
		<bndbox>
			<xmin>567</xmin>
			<ymin>143</ymin>
			<xmax>707</xmax>
			<ymax>657</ymax>
		</bndbox>
	</object>
</annotation>