<annotation>
	<folder>my-project-name</folder>
	<filename>Snipaste_2024-01-02_10-35-35img_Pepper.jpg</filename>
	<path>/my-project-name/Snipaste_2024-01-02_10-35-35img_Pepper.jpg</path>
	<source>
		<database>Unspecified</database>
	</source>
	<size>
		<width>457</width>
		<height>454</height>
		<depth>3</depth>
	</size>
	<object>
		<name>ebike</name>
		<pose>Unspecified</pose>
		<truncated>0</truncated>
		<difficult>0</difficult>
		<bndbox>
			<xmin>173</xmin>
			<ymin>198</ymin>
			<xmax>297</xmax>
			<ymax>370</ymax>
		</bndbox>
	</object>
	<object>
		<name>person</name>
		<pose>Unspecified</pose>
		<truncated>0</truncated>
		<difficult>0</difficult>
		<bndbox>
			<xmin>130</xmin>
			<ymin>15</ymin>
			<xmax>214</xmax>
			<ymax>392</ymax>
		</bndbox>
	</object>
</annotation>