<annotation>
	<folder>my-project-name</folder>
	<filename>Snipaste_2024-01-02_10-35-17img_light.jpg</filename>
	<path>/my-project-name/Snipaste_2024-01-02_10-35-17img_light.jpg</path>
	<source>
		<database>Unspecified</database>
	</source>
	<size>
		<width>439</width>
		<height>630</height>
		<depth>3</depth>
	</size>
	<object>
		<name>ebike</name>
		<pose>Unspecified</pose>
		<truncated>0</truncated>
		<difficult>0</difficult>
		<bndbox>
			<xmin>220</xmin>
			<ymin>271</ymin>
			<xmax>336</xmax>
			<ymax>625</ymax>
		</bndbox>
	</object>
	<object>
		<name>person</name>
		<pose>Unspecified</pose>
		<truncated>0</truncated>
		<difficult>0</difficult>
		<bndbox>
			<xmin>161</xmin>
			<ymin>163</ymin>
			<xmax>326</xmax>
			<ymax>554</ymax>
		</bndbox>
	</object>
</annotation>