<annotation>
	<folder>my-project-name</folder>
	<filename>Snipaste_2024-01-01_12-09-06img_reverse.jpg</filename>
	<path>/my-project-name/Snipaste_2024-01-01_12-09-06img_reverse.jpg</path>
	<source>
		<database>Unspecified</database>
	</source>
	<size>
		<width>885</width>
		<height>410</height>
		<depth>3</depth>
	</size>
	<object>
		<name>ebike</name>
		<pose>Unspecified</pose>
		<truncated>0</truncated>
		<difficult>0</difficult>
		<bndbox>
			<xmin>251</xmin>
			<ymin>187</ymin>
			<xmax>572</xmax>
			<ymax>408</ymax>
		</bndbox>
	</object>
	<object>
		<name>person</name>
		<pose>Unspecified</pose>
		<truncated>0</truncated>
		<difficult>0</difficult>
		<bndbox>
			<xmin>360</xmin>
			<ymin>137</ymin>
			<xmax>551</xmax>
			<ymax>291</ymax>
		</bndbox>
	</object>
</annotation>