<annotation>
	<folder>my-project-name</folder>
	<filename>Snipaste_2024-01-02_10-38-20GaussNoise.jpg</filename>
	<path>/my-project-name/Snipaste_2024-01-02_10-38-20GaussNoise.jpg</path>
	<source>
		<database>Unspecified</database>
	</source>
	<size>
		<width>811</width>
		<height>657</height>
		<depth>3</depth>
	</size>
	<object>
		<name>ebike</name>
		<pose>Unspecified</pose>
		<truncated>0</truncated>
		<difficult>0</difficult>
		<bndbox>
			<xmin>309</xmin>
			<ymin>362</ymin>
			<xmax>471</xmax>
			<ymax>605</ymax>
		</bndbox>
	</object>
	<object>
		<name>ebike</name>
		<pose>Unspecified</pose>
		<truncated>0</truncated>
		<difficult>0</difficult>
		<bndbox>
			<xmin>0</xmin>
			<ymin>438</ymin>
			<xmax>174</xmax>
			<ymax>654</ymax>
		</bndbox>
	</object>
	<object>
		<name>person</name>
		<pose>Unspecified</pose>
		<truncated>0</truncated>
		<difficult>0</difficult>
		<bndbox>
			<xmin>247</xmin>
			<ymin>236</ymin>
			<xmax>302</xmax>
			<ymax>603</ymax>
		</bndbox>
	</object>
	<object>
		<name>person</name>
		<pose>Unspecified</pose>
		<truncated>0</truncated>
		<difficult>0</difficult>
		<bndbox>
			<xmin>568</xmin>
			<ymin>144</ymin>
			<xmax>713</xmax>
			<ymax>654</ymax>
		</bndbox>
	</object>
</annotation>