<annotation>
	<folder>my-project-name</folder>
	<filename>Snipaste_2024-01-02_10-36-45img_light.jpg</filename>
	<path>/my-project-name/Snipaste_2024-01-02_10-36-45img_light.jpg</path>
	<source>
		<database>Unspecified</database>
	</source>
	<size>
		<width>909</width>
		<height>616</height>
		<depth>3</depth>
	</size>
	<object>
		<name>ebike</name>
		<pose>Unspecified</pose>
		<truncated>0</truncated>
		<difficult>0</difficult>
		<bndbox>
			<xmin>0</xmin>
			<ymin>168</ymin>
			<xmax>381</xmax>
			<ymax>543</ymax>
		</bndbox>
	</object>
	<object>
		<name>ebike</name>
		<pose>Unspecified</pose>
		<truncated>0</truncated>
		<difficult>0</difficult>
		<bndbox>
			<xmin>421</xmin>
			<ymin>187</ymin>
			<xmax>614</xmax>
			<ymax>524</ymax>
		</bndbox>
	</object>
	<object>
		<name>ebike</name>
		<pose>Unspecified</pose>
		<truncated>0</truncated>
		<difficult>0</difficult>
		<bndbox>
			<xmin>485</xmin>
			<ymin>86</ymin>
			<xmax>909</xmax>
			<ymax>616</ymax>
		</bndbox>
	</object>
</annotation>