<annotation>
	<folder>my-project-name</folder>
	<filename>Snipaste_2024-01-02_10-31-42.png</filename>
	<path>/my-project-name/Snipaste_2024-01-02_10-31-42.png</path>
	<source>
		<database>Unspecified</database>
	</source>
	<size>
		<width>733</width>
		<height>866</height>
		<depth>3</depth>
	</size>
	<object>
		<name>person</name>
		<pose>Unspecified</pose>
		<truncated>0</truncated>
		<difficult>0</difficult>
		<bndbox>
			<xmin>325</xmin>
			<ymin>354</ymin>
			<xmax>561</xmax>
			<ymax>674</ymax>
		</bndbox>
	</object>
</annotation>