<annotation>
	<folder>my-project-name</folder>
	<filename>Snipaste_2024-01-01_12-07-52GaussNoise.jpg</filename>
	<path>/my-project-name/Snipaste_2024-01-01_12-07-52GaussNoise.jpg</path>
	<source>
		<database>Unspecified</database>
	</source>
	<size>
		<width>564</width>
		<height>550</height>
		<depth>3</depth>
	</size>
	<object>
		<name>ebike</name>
		<pose>Unspecified</pose>
		<truncated>0</truncated>
		<difficult>0</difficult>
		<bndbox>
			<xmin>297</xmin>
			<ymin>181</ymin>
			<xmax>425</xmax>
			<ymax>524</ymax>
		</bndbox>
	</object>
	<object>
		<name>person</name>
		<pose>Unspecified</pose>
		<truncated>0</truncated>
		<difficult>0</difficult>
		<bndbox>
			<xmin>204</xmin>
			<ymin>125</ymin>
			<xmax>329</xmax>
			<ymax>487</ymax>
		</bndbox>
	</object>
</annotation>