<annotation>
	<folder>my-project-name</folder>
	<filename>Snipaste_2024-01-02_10-35-59blur.jpg</filename>
	<path>/my-project-name/Snipaste_2024-01-02_10-35-59blur.jpg</path>
	<source>
		<database>Unspecified</database>
	</source>
	<size>
		<width>830</width>
		<height>586</height>
		<depth>3</depth>
	</size>
	<object>
		<name>ebike</name>
		<pose>Unspecified</pose>
		<truncated>0</truncated>
		<difficult>0</difficult>
		<bndbox>
			<xmin>135</xmin>
			<ymin>170</ymin>
			<xmax>547</xmax>
			<ymax>480</ymax>
		</bndbox>
	</object>
	<object>
		<name>ebike</name>
		<pose>Unspecified</pose>
		<truncated>0</truncated>
		<difficult>0</difficult>
		<bndbox>
			<xmin>565</xmin>
			<ymin>161</ymin>
			<xmax>825</xmax>
			<ymax>445</ymax>
		</bndbox>
	</object>
</annotation>