<annotation>
	<folder>my-project-name</folder>
	<filename>Snipaste_2024-01-02_10-38-20.png</filename>
	<path>/my-project-name/Snipaste_2024-01-02_10-38-20.png</path>
	<source>
		<database>Unspecified</database>
	</source>
	<size>
		<width>811</width>
		<height>657</height>
		<depth>3</depth>
	</size>
	<object>
		<name>ebike</name>
		<pose>Unspecified</pose>
		<truncated>0</truncated>
		<difficult>0</difficult>
		<bndbox>
			<xmin>0</xmin>
			<ymin>434</ymin>
			<xmax>172</xmax>
			<ymax>657</ymax>
		</bndbox>
	</object>
	<object>
		<name>ebike</name>
		<pose>Unspecified</pose>
		<truncated>0</truncated>
		<difficult>0</difficult>
		<bndbox>
			<xmin>302</xmin>
			<ymin>367</ymin>
			<xmax>472</xmax>
			<ymax>611</ymax>
		</bndbox>
	</object>
	<object>
		<name>person</name>
		<pose>Unspecified</pose>
		<truncated>0</truncated>
		<difficult>0</difficult>
		<bndbox>
			<xmin>241</xmin>
			<ymin>238</ymin>
			<xmax>318</xmax>
			<ymax>595</ymax>
		</bndbox>
	</object>
	<object>
		<name>person</name>
		<pose>Unspecified</pose>
		<truncated>0</truncated>
		<difficult>0</difficult>
		<bndbox>
			<xmin>566</xmin>
			<ymin>148</ymin>
			<xmax>712</xmax>
			<ymax>652</ymax>
		</bndbox>
	</object>
</annotation>