<annotation>
	<folder>my-project-name</folder>
	<filename>Snipaste_2024-01-02_10-33-21img_reverse.jpg</filename>
	<path>/my-project-name/Snipaste_2024-01-02_10-33-21img_reverse.jpg</path>
	<source>
		<database>Unspecified</database>
	</source>
	<size>
		<width>897</width>
		<height>600</height>
		<depth>3</depth>
	</size>
	<object>
		<name>ebike</name>
		<pose>Unspecified</pose>
		<truncated>0</truncated>
		<difficult>0</difficult>
		<bndbox>
			<xmin>200</xmin>
			<ymin>237</ymin>
			<xmax>544</xmax>
			<ymax>600</ymax>
		</bndbox>
	</object>
	<object>
		<name>person</name>
		<pose>Unspecified</pose>
		<truncated>0</truncated>
		<difficult>0</difficult>
		<bndbox>
			<xmin>161</xmin>
			<ymin>70</ymin>
			<xmax>514</xmax>
			<ymax>426</ymax>
		</bndbox>
	</object>
	<object>
		<name>person</name>
		<pose>Unspecified</pose>
		<truncated>0</truncated>
		<difficult>0</difficult>
		<bndbox>
			<xmin>522</xmin>
			<ymin>56</ymin>
			<xmax>769</xmax>
			<ymax>569</ymax>
		</bndbox>
	</object>
</annotation>