<annotation>
	<folder>my-project-name</folder>
	<filename>Snipaste_2024-01-01_12-08-53img_reverse.jpg</filename>
	<path>/my-project-name/Snipaste_2024-01-01_12-08-53img_reverse.jpg</path>
	<source>
		<database>Unspecified</database>
	</source>
	<size>
		<width>891</width>
		<height>928</height>
		<depth>3</depth>
	</size>
	<object>
		<name>ebike</name>
		<pose>Unspecified</pose>
		<truncated>0</truncated>
		<difficult>0</difficult>
		<bndbox>
			<xmin>137</xmin>
			<ymin>602</ymin>
			<xmax>382</xmax>
			<ymax>887</ymax>
		</bndbox>
	</object>
	<object>
		<name>person</name>
		<pose>Unspecified</pose>
		<truncated>0</truncated>
		<difficult>0</difficult>
		<bndbox>
			<xmin>59</xmin>
			<ymin>247</ymin>
			<xmax>431</xmax>
			<ymax>804</ymax>
		</bndbox>
	</object>
</annotation>