<annotation>
	<folder>my-project-name</folder>
	<filename>Snipaste_2024-01-01_12-07-27blur.jpg</filename>
	<path>/my-project-name/Snipaste_2024-01-01_12-07-27blur.jpg</path>
	<source>
		<database>Unspecified</database>
	</source>
	<size>
		<width>1068</width>
		<height>767</height>
		<depth>3</depth>
	</size>
	<object>
		<name>ebike</name>
		<pose>Unspecified</pose>
		<truncated>0</truncated>
		<difficult>0</difficult>
		<bndbox>
			<xmin>28</xmin>
			<ymin>155</ymin>
			<xmax>434</xmax>
			<ymax>759</ymax>
		</bndbox>
	</object>
	<object>
		<name>ebike</name>
		<pose>Unspecified</pose>
		<truncated>0</truncated>
		<difficult>0</difficult>
		<bndbox>
			<xmin>559</xmin>
			<ymin>210</ymin>
			<xmax>892</xmax>
			<ymax>713</ymax>
		</bndbox>
	</object>
</annotation>