<annotation>
	<folder>my-project-name</folder>
	<filename>Snipaste_2024-01-02_10-35-45img_basic.jpg</filename>
	<path>/my-project-name/Snipaste_2024-01-02_10-35-45img_basic.jpg</path>
	<source>
		<database>Unspecified</database>
	</source>
	<size>
		<width>524</width>
		<height>855</height>
		<depth>3</depth>
	</size>
	<object>
		<name>ebike</name>
		<pose>Unspecified</pose>
		<truncated>0</truncated>
		<difficult>0</difficult>
		<bndbox>
			<xmin>289</xmin>
			<ymin>1</ymin>
			<xmax>509</xmax>
			<ymax>167</ymax>
		</bndbox>
	</object>
</annotation>