<annotation>
	<folder>my-project-name</folder>
	<filename>Snipaste_2024-01-02_10-35-45blur.jpg</filename>
	<path>/my-project-name/Snipaste_2024-01-02_10-35-45blur.jpg</path>
	<source>
		<database>Unspecified</database>
	</source>
	<size>
		<width>855</width>
		<height>524</height>
		<depth>3</depth>
	</size>
	<object>
		<name>ebike</name>
		<pose>Unspecified</pose>
		<truncated>0</truncated>
		<difficult>0</difficult>
		<bndbox>
			<xmin>364</xmin>
			<ymin>27</ymin>
			<xmax>541</xmax>
			<ymax>242</ymax>
		</bndbox>
	</object>
</annotation>