<annotation>
	<folder>my-project-name</folder>
	<filename>Snipaste_2024-01-02_10-33-40img_light.jpg</filename>
	<path>/my-project-name/Snipaste_2024-01-02_10-33-40img_light.jpg</path>
	<source>
		<database>Unspecified</database>
	</source>
	<size>
		<width>893</width>
		<height>507</height>
		<depth>3</depth>
	</size>
	<object>
		<name>ebike</name>
		<pose>Unspecified</pose>
		<truncated>0</truncated>
		<difficult>0</difficult>
		<bndbox>
			<xmin>444</xmin>
			<ymin>228</ymin>
			<xmax>544</xmax>
			<ymax>507</ymax>
		</bndbox>
	</object>
	<object>
		<name>person</name>
		<pose>Unspecified</pose>
		<truncated>0</truncated>
		<difficult>0</difficult>
		<bndbox>
			<xmin>357</xmin>
			<ymin>72</ymin>
			<xmax>526</xmax>
			<ymax>496</ymax>
		</bndbox>
	</object>
</annotation>