<annotation>
	<folder>my-project-name</folder>
	<filename>Snipaste_2024-01-01_12-08-24img_move.jpg</filename>
	<path>/my-project-name/Snipaste_2024-01-01_12-08-24img_move.jpg</path>
	<source>
		<database>Unspecified</database>
	</source>
	<size>
		<width>894</width>
		<height>526</height>
		<depth>3</depth>
	</size>
	<object>
		<name>ebike</name>
		<pose>Unspecified</pose>
		<truncated>0</truncated>
		<difficult>0</difficult>
		<bndbox>
			<xmin>245</xmin>
			<ymin>41</ymin>
			<xmax>890</xmax>
			<ymax>523</ymax>
		</bndbox>
	</object>
	<object>
		<name>person</name>
		<pose>Unspecified</pose>
		<truncated>0</truncated>
		<difficult>0</difficult>
		<bndbox>
			<xmin>346</xmin>
			<ymin>42</ymin>
			<xmax>683</xmax>
			<ymax>190</ymax>
		</bndbox>
	</object>
</annotation>