<annotation>
	<folder>my-project-name</folder>
	<filename>Snipaste_2024-01-01_12-09-25img_reverse.jpg</filename>
	<path>/my-project-name/Snipaste_2024-01-01_12-09-25img_reverse.jpg</path>
	<source>
		<database>Unspecified</database>
	</source>
	<size>
		<width>858</width>
		<height>414</height>
		<depth>3</depth>
	</size>
	<object>
		<name>ebike</name>
		<pose>Unspecified</pose>
		<truncated>0</truncated>
		<difficult>0</difficult>
		<bndbox>
			<xmin>282</xmin>
			<ymin>243</ymin>
			<xmax>505</xmax>
			<ymax>414</ymax>
		</bndbox>
	</object>
	<object>
		<name>person</name>
		<pose>Unspecified</pose>
		<truncated>0</truncated>
		<difficult>0</difficult>
		<bndbox>
			<xmin>200</xmin>
			<ymin>137</ymin>
			<xmax>352</xmax>
			<ymax>414</ymax>
		</bndbox>
	</object>
</annotation>