<annotation>
	<folder>my-project-name</folder>
	<filename>Snipaste_2024-01-02_10-34-10img_basic.jpg</filename>
	<path>/my-project-name/Snipaste_2024-01-02_10-34-10img_basic.jpg</path>
	<source>
		<database>Unspecified</database>
	</source>
	<size>
		<width>502</width>
		<height>735</height>
		<depth>3</depth>
	</size>
	<object>
		<name>ebike</name>
		<pose>Unspecified</pose>
		<truncated>0</truncated>
		<difficult>0</difficult>
		<bndbox>
			<xmin>247</xmin>
			<ymin>197</ymin>
			<xmax>397</xmax>
			<ymax>459</ymax>
		</bndbox>
	</object>
	<object>
		<name>person</name>
		<pose>Unspecified</pose>
		<truncated>0</truncated>
		<difficult>0</difficult>
		<bndbox>
			<xmin>259</xmin>
			<ymin>146</ymin>
			<xmax>453</xmax>
			<ymax>448</ymax>
		</bndbox>
	</object>
</annotation>