<annotation>
	<folder>my-project-name</folder>
	<filename>Snipaste_2024-01-02_10-31-29img_basic.jpg</filename>
	<path>/my-project-name/Snipaste_2024-01-02_10-31-29img_basic.jpg</path>
	<source>
		<database>Unspecified</database>
	</source>
	<size>
		<width>847</width>
		<height>721</height>
		<depth>3</depth>
	</size>
	<object>
		<name>ebike</name>
		<pose>Unspecified</pose>
		<truncated>0</truncated>
		<difficult>0</difficult>
		<bndbox>
			<xmin>165</xmin>
			<ymin>350</ymin>
			<xmax>434</xmax>
			<ymax>720</ymax>
		</bndbox>
	</object>
	<object>
		<name>person</name>
		<pose>Unspecified</pose>
		<truncated>0</truncated>
		<difficult>0</difficult>
		<bndbox>
			<xmin>306</xmin>
			<ymin>299</ymin>
			<xmax>526</xmax>
			<ymax>558</ymax>
		</bndbox>
	</object>
</annotation>