<annotation>
	<folder>my-project-name</folder>
	<filename>Snipaste_2024-01-01_12-07-52img_move.jpg</filename>
	<path>/my-project-name/Snipaste_2024-01-01_12-07-52img_move.jpg</path>
	<source>
		<database>Unspecified</database>
	</source>
	<size>
		<width>564</width>
		<height>550</height>
		<depth>3</depth>
	</size>
	<object>
		<name>ebike</name>
		<pose>Unspecified</pose>
		<truncated>0</truncated>
		<difficult>0</difficult>
		<bndbox>
			<xmin>501</xmin>
			<ymin>437</ymin>
			<xmax>564</xmax>
			<ymax>550</ymax>
		</bndbox>
	</object>
	<object>
		<name>person</name>
		<pose>Unspecified</pose>
		<truncated>0</truncated>
		<difficult>0</difficult>
		<bndbox>
			<xmin>410</xmin>
			<ymin>340</ymin>
			<xmax>521</xmax>
			<ymax>550</ymax>
		</bndbox>
	</object>
</annotation>