<annotation>
	<folder>my-project-name</folder>
	<filename>Snipaste_2024-01-01_12-08-32img_Pepper.jpg</filename>
	<path>/my-project-name/Snipaste_2024-01-01_12-08-32img_Pepper.jpg</path>
	<source>
		<database>Unspecified</database>
	</source>
	<size>
		<width>921</width>
		<height>490</height>
		<depth>3</depth>
	</size>
	<object>
		<name>ebike</name>
		<pose>Unspecified</pose>
		<truncated>0</truncated>
		<difficult>0</difficult>
		<bndbox>
			<xmin>528</xmin>
			<ymin>314</ymin>
			<xmax>792</xmax>
			<ymax>488</ymax>
		</bndbox>
	</object>
	<object>
		<name>person</name>
		<pose>Unspecified</pose>
		<truncated>0</truncated>
		<difficult>0</difficult>
		<bndbox>
			<xmin>414</xmin>
			<ymin>165</ymin>
			<xmax>538</xmax>
			<ymax>490</ymax>
		</bndbox>
	</object>
</annotation>