<annotation>
	<folder>my-project-name</folder>
	<filename>Snipaste_2024-01-01_12-08-12img_basic.jpg</filename>
	<path>/my-project-name/Snipaste_2024-01-01_12-08-12img_basic.jpg</path>
	<source>
		<database>Unspecified</database>
	</source>
	<size>
		<width>904</width>
		<height>887</height>
		<depth>3</depth>
	</size>
	<object>
		<name>ebike</name>
		<pose>Unspecified</pose>
		<truncated>0</truncated>
		<difficult>0</difficult>
		<bndbox>
			<xmin>87</xmin>
			<ymin>417</ymin>
			<xmax>793</xmax>
			<ymax>885</ymax>
		</bndbox>
	</object>
	<object>
		<name>person</name>
		<pose>Unspecified</pose>
		<truncated>0</truncated>
		<difficult>0</difficult>
		<bndbox>
			<xmin>159</xmin>
			<ymin>312</ymin>
			<xmax>569</xmax>
			<ymax>879</ymax>
		</bndbox>
	</object>
</annotation>