<annotation>
	<folder>my-project-name</folder>
	<filename>Snipaste_2024-01-02_10-33-21GaussNoise.jpg</filename>
	<path>/my-project-name/Snipaste_2024-01-02_10-33-21GaussNoise.jpg</path>
	<source>
		<database>Unspecified</database>
	</source>
	<size>
		<width>897</width>
		<height>600</height>
		<depth>3</depth>
	</size>
	<object>
		<name>ebike</name>
		<pose>Unspecified</pose>
		<truncated>0</truncated>
		<difficult>0</difficult>
		<bndbox>
			<xmin>351</xmin>
			<ymin>226</ymin>
			<xmax>677</xmax>
			<ymax>600</ymax>
		</bndbox>
	</object>
	<object>
		<name>person</name>
		<pose>Unspecified</pose>
		<truncated>0</truncated>
		<difficult>0</difficult>
		<bndbox>
			<xmin>133</xmin>
			<ymin>77</ymin>
			<xmax>403</xmax>
			<ymax>573</ymax>
		</bndbox>
	</object>
	<object>
		<name>person</name>
		<pose>Unspecified</pose>
		<truncated>0</truncated>
		<difficult>0</difficult>
		<bndbox>
			<xmin>404</xmin>
			<ymin>66</ymin>
			<xmax>729</xmax>
			<ymax>422</ymax>
		</bndbox>
	</object>
</annotation>