<annotation>
	<folder>my-project-name</folder>
	<filename>Snipaste_2024-01-01_12-07-52img_basic.jpg</filename>
	<path>/my-project-name/Snipaste_2024-01-01_12-07-52img_basic.jpg</path>
	<source>
		<database>Unspecified</database>
	</source>
	<size>
		<width>550</width>
		<height>564</height>
		<depth>3</depth>
	</size>
	<object>
		<name>ebike</name>
		<pose>Unspecified</pose>
		<truncated>0</truncated>
		<difficult>0</difficult>
		<bndbox>
			<xmin>297</xmin>
			<ymin>160</ymin>
			<xmax>461</xmax>
			<ymax>521</ymax>
		</bndbox>
	</object>
	<object>
		<name>person</name>
		<pose>Unspecified</pose>
		<truncated>0</truncated>
		<difficult>0</difficult>
		<bndbox>
			<xmin>198</xmin>
			<ymin>107</ymin>
			<xmax>309</xmax>
			<ymax>501</ymax>
		</bndbox>
	</object>
</annotation>