<annotation>
	<folder>my-project-name</folder>
	<filename>Snipaste_2024-01-02_10-32-52.png</filename>
	<path>/my-project-name/Snipaste_2024-01-02_10-32-52.png</path>
	<source>
		<database>Unspecified</database>
	</source>
	<size>
		<width>422</width>
		<height>624</height>
		<depth>3</depth>
	</size>
	<object>
		<name>ebike</name>
		<pose>Unspecified</pose>
		<truncated>0</truncated>
		<difficult>0</difficult>
		<bndbox>
			<xmin>203</xmin>
			<ymin>244</ymin>
			<xmax>344</xmax>
			<ymax>624</ymax>
		</bndbox>
	</object>
	<object>
		<name>person</name>
		<pose>Unspecified</pose>
		<truncated>0</truncated>
		<difficult>0</difficult>
		<bndbox>
			<xmin>116</xmin>
			<ymin>123</ymin>
			<xmax>221</xmax>
			<ymax>554</ymax>
		</bndbox>
	</object>
</annotation>