<annotation>
	<folder>my-project-name</folder>
	<filename>Snipaste_2024-01-02_10-35-17blur.jpg</filename>
	<path>/my-project-name/Snipaste_2024-01-02_10-35-17blur.jpg</path>
	<source>
		<database>Unspecified</database>
	</source>
	<size>
		<width>439</width>
		<height>630</height>
		<depth>3</depth>
	</size>
	<object>
		<name>ebike</name>
		<pose>Unspecified</pose>
		<truncated>0</truncated>
		<difficult>0</difficult>
		<bndbox>
			<xmin>222</xmin>
			<ymin>267</ymin>
			<xmax>340</xmax>
			<ymax>625</ymax>
		</bndbox>
	</object>
	<object>
		<name>person</name>
		<pose>Unspecified</pose>
		<truncated>0</truncated>
		<difficult>0</difficult>
		<bndbox>
			<xmin>160</xmin>
			<ymin>163</ymin>
			<xmax>328</xmax>
			<ymax>552</ymax>
		</bndbox>
	</object>
</annotation>