<annotation>
	<folder>my-project-name</folder>
	<filename>Snipaste_2024-01-01_12-09-56blur.jpg</filename>
	<path>/my-project-name/Snipaste_2024-01-01_12-09-56blur.jpg</path>
	<source>
		<database>Unspecified</database>
	</source>
	<size>
		<width>929</width>
		<height>411</height>
		<depth>3</depth>
	</size>
	<object>
		<name>ebike</name>
		<pose>Unspecified</pose>
		<truncated>0</truncated>
		<difficult>0</difficult>
		<bndbox>
			<xmin>294</xmin>
			<ymin>54</ymin>
			<xmax>570</xmax>
			<ymax>405</ymax>
		</bndbox>
	</object>
	<object>
		<name>person</name>
		<pose>Unspecified</pose>
		<truncated>0</truncated>
		<difficult>0</difficult>
		<bndbox>
			<xmin>185</xmin>
			<ymin>0</ymin>
			<xmax>367</xmax>
			<ymax>411</ymax>
		</bndbox>
	</object>
</annotation>