<annotation>
	<folder>my-project-name</folder>
	<filename>Snipaste_2024-01-01_12-09-25blur.jpg</filename>
	<path>/my-project-name/Snipaste_2024-01-01_12-09-25blur.jpg</path>
	<source>
		<database>Unspecified</database>
	</source>
	<size>
		<width>858</width>
		<height>414</height>
		<depth>3</depth>
	</size>
	<object>
		<name>ebike</name>
		<pose>Unspecified</pose>
		<truncated>0</truncated>
		<difficult>0</difficult>
		<bndbox>
			<xmin>351</xmin>
			<ymin>240</ymin>
			<xmax>573</xmax>
			<ymax>406</ymax>
		</bndbox>
	</object>
	<object>
		<name>person</name>
		<pose>Unspecified</pose>
		<truncated>0</truncated>
		<difficult>0</difficult>
		<bndbox>
			<xmin>509</xmin>
			<ymin>141</ymin>
			<xmax>656</xmax>
			<ymax>407</ymax>
		</bndbox>
	</object>
</annotation>