<annotation>
	<folder>my-project-name</folder>
	<filename>Snipaste_2024-01-01_12-08-24img_Pepper.jpg</filename>
	<path>/my-project-name/Snipaste_2024-01-01_12-08-24img_Pepper.jpg</path>
	<source>
		<database>Unspecified</database>
	</source>
	<size>
		<width>894</width>
		<height>526</height>
		<depth>3</depth>
	</size>
	<object>
		<name>ebike</name>
		<pose>Unspecified</pose>
		<truncated>0</truncated>
		<difficult>0</difficult>
		<bndbox>
			<xmin>80</xmin>
			<ymin>4</ymin>
			<xmax>733</xmax>
			<ymax>518</ymax>
		</bndbox>
	</object>
	<object>
		<name>person</name>
		<pose>Unspecified</pose>
		<truncated>0</truncated>
		<difficult>0</difficult>
		<bndbox>
			<xmin>182</xmin>
			<ymin>3</ymin>
			<xmax>512</xmax>
			<ymax>182</ymax>
		</bndbox>
	</object>
</annotation>