<annotation>
	<folder>my-project-name</folder>
	<filename>Snipaste_2024-01-02_10-36-25blur.jpg</filename>
	<path>/my-project-name/Snipaste_2024-01-02_10-36-25blur.jpg</path>
	<source>
		<database>Unspecified</database>
	</source>
	<size>
		<width>350</width>
		<height>762</height>
		<depth>3</depth>
	</size>
	<object>
		<name>ebike</name>
		<pose>Unspecified</pose>
		<truncated>0</truncated>
		<difficult>0</difficult>
		<bndbox>
			<xmin>8</xmin>
			<ymin>337</ymin>
			<xmax>307</xmax>
			<ymax>646</ymax>
		</bndbox>
	</object>
	<object>
		<name>person</name>
		<pose>Unspecified</pose>
		<truncated>0</truncated>
		<difficult>0</difficult>
		<bndbox>
			<xmin>41</xmin>
			<ymin>222</ymin>
			<xmax>221</xmax>
			<ymax>693</ymax>
		</bndbox>
	</object>
</annotation>