<annotation>
	<folder>my-project-name</folder>
	<filename>Snipaste_2024-01-01_12-07-52blur.jpg</filename>
	<path>/my-project-name/Snipaste_2024-01-01_12-07-52blur.jpg</path>
	<source>
		<database>Unspecified</database>
	</source>
	<size>
		<width>564</width>
		<height>550</height>
		<depth>3</depth>
	</size>
	<object>
		<name>ebike</name>
		<pose>Unspecified</pose>
		<truncated>0</truncated>
		<difficult>0</difficult>
		<bndbox>
			<xmin>297</xmin>
			<ymin>184</ymin>
			<xmax>428</xmax>
			<ymax>523</ymax>
		</bndbox>
	</object>
	<object>
		<name>person</name>
		<pose>Unspecified</pose>
		<truncated>0</truncated>
		<difficult>0</difficult>
		<bndbox>
			<xmin>199</xmin>
			<ymin>122</ymin>
			<xmax>317</xmax>
			<ymax>488</ymax>
		</bndbox>
	</object>
</annotation>