<annotation>
	<folder>my-project-name</folder>
	<filename>Snipaste_2024-01-02_10-33-02.png</filename>
	<path>/my-project-name/Snipaste_2024-01-02_10-33-02.png</path>
	<source>
		<database>Unspecified</database>
	</source>
	<size>
		<width>463</width>
		<height>632</height>
		<depth>3</depth>
	</size>
	<object>
		<name>ebike</name>
		<pose>Unspecified</pose>
		<truncated>0</truncated>
		<difficult>0</difficult>
		<bndbox>
			<xmin>199</xmin>
			<ymin>394</ymin>
			<xmax>341</xmax>
			<ymax>632</ymax>
		</bndbox>
	</object>
	<object>
		<name>person</name>
		<pose>Unspecified</pose>
		<truncated>0</truncated>
		<difficult>0</difficult>
		<bndbox>
			<xmin>70</xmin>
			<ymin>165</ymin>
			<xmax>249</xmax>
			<ymax>632</ymax>
		</bndbox>
	</object>
</annotation>