<annotation>
	<folder>my-project-name</folder>
	<filename>Snipaste_2024-01-01_12-09-25img_Pepper.jpg</filename>
	<path>/my-project-name/Snipaste_2024-01-01_12-09-25img_Pepper.jpg</path>
	<source>
		<database>Unspecified</database>
	</source>
	<size>
		<width>858</width>
		<height>414</height>
		<depth>3</depth>
	</size>
	<object>
		<name>ebike</name>
		<pose>Unspecified</pose>
		<truncated>0</truncated>
		<difficult>0</difficult>
		<bndbox>
			<xmin>352</xmin>
			<ymin>244</ymin>
			<xmax>579</xmax>
			<ymax>412</ymax>
		</bndbox>
	</object>
	<object>
		<name>person</name>
		<pose>Unspecified</pose>
		<truncated>0</truncated>
		<difficult>0</difficult>
		<bndbox>
			<xmin>501</xmin>
			<ymin>141</ymin>
			<xmax>659</xmax>
			<ymax>408</ymax>
		</bndbox>
	</object>
</annotation>