<annotation>
	<folder>my-project-name</folder>
	<filename>Snipaste_2024-01-02_10-33-51.png</filename>
	<path>/my-project-name/Snipaste_2024-01-02_10-33-51.png</path>
	<source>
		<database>Unspecified</database>
	</source>
	<size>
		<width>459</width>
		<height>633</height>
		<depth>3</depth>
	</size>
	<object>
		<name>ebike</name>
		<pose>Unspecified</pose>
		<truncated>0</truncated>
		<difficult>0</difficult>
		<bndbox>
			<xmin>89</xmin>
			<ymin>372</ymin>
			<xmax>295</xmax>
			<ymax>633</ymax>
		</bndbox>
	</object>
	<object>
		<name>person</name>
		<pose>Unspecified</pose>
		<truncated>0</truncated>
		<difficult>0</difficult>
		<bndbox>
			<xmin>90</xmin>
			<ymin>288</ymin>
			<xmax>230</xmax>
			<ymax>588</ymax>
		</bndbox>
	</object>
</annotation>