<annotation>
	<folder>my-project-name</folder>
	<filename>Snipaste_2024-01-01_12-09-56img_basic.jpg</filename>
	<path>/my-project-name/Snipaste_2024-01-01_12-09-56img_basic.jpg</path>
	<source>
		<database>Unspecified</database>
	</source>
	<size>
		<width>411</width>
		<height>929</height>
		<depth>3</depth>
	</size>
	<object>
		<name>ebike</name>
		<pose>Unspecified</pose>
		<truncated>0</truncated>
		<difficult>0</difficult>
		<bndbox>
			<xmin>274</xmin>
			<ymin>92</ymin>
			<xmax>403</xmax>
			<ymax>405</ymax>
		</bndbox>
	</object>
	<object>
		<name>person</name>
		<pose>Unspecified</pose>
		<truncated>0</truncated>
		<difficult>0</difficult>
		<bndbox>
			<xmin>158</xmin>
			<ymin>41</ymin>
			<xmax>305</xmax>
			<ymax>421</ymax>
		</bndbox>
	</object>
</annotation>