<annotation>
	<folder>my-project-name</folder>
	<filename>Snipaste_2024-01-01_12-08-53img_basic.jpg</filename>
	<path>/my-project-name/Snipaste_2024-01-01_12-08-53img_basic.jpg</path>
	<source>
		<database>Unspecified</database>
	</source>
	<size>
		<width>928</width>
		<height>891</height>
		<depth>3</depth>
	</size>
	<object>
		<name>ebike</name>
		<pose>Unspecified</pose>
		<truncated>0</truncated>
		<difficult>0</difficult>
		<bndbox>
			<xmin>530</xmin>
			<ymin>526</ymin>
			<xmax>782</xmax>
			<ymax>801</ymax>
		</bndbox>
	</object>
	<object>
		<name>person</name>
		<pose>Unspecified</pose>
		<truncated>0</truncated>
		<difficult>0</difficult>
		<bndbox>
			<xmin>470</xmin>
			<ymin>249</ymin>
			<xmax>869</xmax>
			<ymax>755</ymax>
		</bndbox>
	</object>
</annotation>