<annotation>
	<folder>my-project-name</folder>
	<filename>Snipaste_2024-01-01_12-10-05GaussNoise.jpg</filename>
	<path>/my-project-name/Snipaste_2024-01-01_12-10-05GaussNoise.jpg</path>
	<source>
		<database>Unspecified</database>
	</source>
	<size>
		<width>914</width>
		<height>733</height>
		<depth>3</depth>
	</size>
	<object>
		<name>ebike</name>
		<pose>Unspecified</pose>
		<truncated>0</truncated>
		<difficult>0</difficult>
		<bndbox>
			<xmin>402</xmin>
			<ymin>292</ymin>
			<xmax>702</xmax>
			<ymax>727</ymax>
		</bndbox>
	</object>
	<object>
		<name>person</name>
		<pose>Unspecified</pose>
		<truncated>0</truncated>
		<difficult>0</difficult>
		<bndbox>
			<xmin>226</xmin>
			<ymin>152</ymin>
			<xmax>421</xmax>
			<ymax>656</ymax>
		</bndbox>
	</object>
</annotation>