<annotation>
	<folder>my-project-name</folder>
	<filename>Snipaste_2024-01-02_10-35-59.png</filename>
	<path>/my-project-name/Snipaste_2024-01-02_10-35-59.png</path>
	<source>
		<database>Unspecified</database>
	</source>
	<size>
		<width>830</width>
		<height>586</height>
		<depth>3</depth>
	</size>
	<object>
		<name>ebike</name>
		<pose>Unspecified</pose>
		<truncated>0</truncated>
		<difficult>0</difficult>
		<bndbox>
			<xmin>122</xmin>
			<ymin>175</ymin>
			<xmax>542</xmax>
			<ymax>506</ymax>
		</bndbox>
	</object>
	<object>
		<name>ebike</name>
		<pose>Unspecified</pose>
		<truncated>0</truncated>
		<difficult>0</difficult>
		<bndbox>
			<xmin>553</xmin>
			<ymin>167</ymin>
			<xmax>825</xmax>
			<ymax>441</ymax>
		</bndbox>
	</object>
</annotation>