<annotation>
	<folder>my-project-name</folder>
	<filename>Snipaste_2024-01-02_10-36-13.png</filename>
	<path>/my-project-name/Snipaste_2024-01-02_10-36-13.png</path>
	<source>
		<database>Unspecified</database>
	</source>
	<size>
		<width>904</width>
		<height>519</height>
		<depth>3</depth>
	</size>
	<object>
		<name>ebike</name>
		<pose>Unspecified</pose>
		<truncated>0</truncated>
		<difficult>0</difficult>
		<bndbox>
			<xmin>318</xmin>
			<ymin>218</ymin>
			<xmax>574</xmax>
			<ymax>517</ymax>
		</bndbox>
	</object>
	<object>
		<name>person</name>
		<pose>Unspecified</pose>
		<truncated>0</truncated>
		<difficult>0</difficult>
		<bndbox>
			<xmin>373</xmin>
			<ymin>135</ymin>
			<xmax>537</xmax>
			<ymax>505</ymax>
		</bndbox>
	</object>
</annotation>