<annotation>
	<folder>my-project-name</folder>
	<filename>Snipaste_2024-01-01_12-07-27img_light.jpg</filename>
	<path>/my-project-name/Snipaste_2024-01-01_12-07-27img_light.jpg</path>
	<source>
		<database>Unspecified</database>
	</source>
	<size>
		<width>1068</width>
		<height>767</height>
		<depth>3</depth>
	</size>
	<object>
		<name>ebike</name>
		<pose>Unspecified</pose>
		<truncated>0</truncated>
		<difficult>0</difficult>
		<bndbox>
			<xmin>19</xmin>
			<ymin>146</ymin>
			<xmax>426</xmax>
			<ymax>766</ymax>
		</bndbox>
	</object>
	<object>
		<name>ebike</name>
		<pose>Unspecified</pose>
		<truncated>0</truncated>
		<difficult>0</difficult>
		<bndbox>
			<xmin>555</xmin>
			<ymin>216</ymin>
			<xmax>903</xmax>
			<ymax>709</ymax>
		</bndbox>
	</object>
</annotation>