<annotation>
	<folder>my-project-name</folder>
	<filename>Snipaste_2024-01-01_12-08-12GaussNoise.jpg</filename>
	<path>/my-project-name/Snipaste_2024-01-01_12-08-12GaussNoise.jpg</path>
	<source>
		<database>Unspecified</database>
	</source>
	<size>
		<width>887</width>
		<height>904</height>
		<depth>3</depth>
	</size>
	<object>
		<name>ebike</name>
		<pose>Unspecified</pose>
		<truncated>0</truncated>
		<difficult>0</difficult>
		<bndbox>
			<xmin>79</xmin>
			<ymin>436</ymin>
			<xmax>743</xmax>
			<ymax>901</ymax>
		</bndbox>
	</object>
	<object>
		<name>person</name>
		<pose>Unspecified</pose>
		<truncated>0</truncated>
		<difficult>0</difficult>
		<bndbox>
			<xmin>140</xmin>
			<ymin>307</ymin>
			<xmax>540</xmax>
			<ymax>904</ymax>
		</bndbox>
	</object>
</annotation>