<annotation>
	<folder>my-project-name</folder>
	<filename>Snipaste_2024-01-02_10-35-35.png</filename>
	<path>/my-project-name/Snipaste_2024-01-02_10-35-35.png</path>
	<source>
		<database>Unspecified</database>
	</source>
	<size>
		<width>457</width>
		<height>454</height>
		<depth>3</depth>
	</size>
	<object>
		<name>ebike</name>
		<pose>Unspecified</pose>
		<truncated>0</truncated>
		<difficult>0</difficult>
		<bndbox>
			<xmin>166</xmin>
			<ymin>201</ymin>
			<xmax>298</xmax>
			<ymax>369</ymax>
		</bndbox>
	</object>
	<object>
		<name>person</name>
		<pose>Unspecified</pose>
		<truncated>0</truncated>
		<difficult>0</difficult>
		<bndbox>
			<xmin>134</xmin>
			<ymin>13</ymin>
			<xmax>212</xmax>
			<ymax>394</ymax>
		</bndbox>
	</object>
</annotation>