<annotation>
	<folder>my-project-name</folder>
	<filename>Snipaste_2024-01-02_10-31-29GaussNoise.jpg</filename>
	<path>/my-project-name/Snipaste_2024-01-02_10-31-29GaussNoise.jpg</path>
	<source>
		<database>Unspecified</database>
	</source>
	<size>
		<width>721</width>
		<height>847</height>
		<depth>3</depth>
	</size>
	<object>
		<name>ebike</name>
		<pose>Unspecified</pose>
		<truncated>0</truncated>
		<difficult>0</difficult>
		<bndbox>
			<xmin>134</xmin>
			<ymin>328</ymin>
			<xmax>413</xmax>
			<ymax>787</ymax>
		</bndbox>
	</object>
	<object>
		<name>person</name>
		<pose>Unspecified</pose>
		<truncated>0</truncated>
		<difficult>0</difficult>
		<bndbox>
			<xmin>320</xmin>
			<ymin>288</ymin>
			<xmax>512</xmax>
			<ymax>564</ymax>
		</bndbox>
	</object>
</annotation>