{"info": ["none"], "license": ["none"], "images": [{"file_name": "Snipaste_2024-01-02_10-35-59img_light.jpg", "height": 586, "width": 830, "id": 0}, {"file_name": "Snipaste_2024-01-01_12-08-12blur.jpg", "height": 904, "width": 887, "id": 1}, {"file_name": "Snipaste_2024-01-02_10-38-20blur.jpg", "height": 657, "width": 811, "id": 2}, {"file_name": "Snipaste_2024-01-02_10-36-13img_basic.jpg", "height": 904, "width": 519, "id": 3}, {"file_name": "Snipaste_2024-01-02_10-33-51GaussNoise.jpg", "height": 633, "width": 459, "id": 4}, {"file_name": "Snipaste_2024-01-02_10-31-29img_Pepper.jpg", "height": 847, "width": 721, "id": 5}, {"file_name": "Snipaste_2024-01-02_10-32-52img_basic.jpg", "height": 422, "width": 624, "id": 6}, {"file_name": "Snipaste_2024-01-02_10-31-42blur.jpg", "height": 866, "width": 733, "id": 7}, {"file_name": "Snipaste_2024-01-02_10-31-42img_Pepper.jpg", "height": 866, "width": 733, "id": 8}, {"file_name": "Snipaste_2024-01-02_10-33-51blur.jpg", "height": 633, "width": 459, "id": 9}, {"file_name": "Snipaste_2024-01-02_10-35-35img_light.jpg", "height": 454, "width": 457, "id": 10}, {"file_name": "Snipaste_2024-01-02_10-38-20GaussNoise.jpg", "height": 657, "width": 811, "id": 11}, {"file_name": "Snipaste_2024-01-01_12-09-25img_reverse.jpg", "height": 414, "width": 858, "id": 12}, {"file_name": "Snipaste_2024-01-01_12-09-06GaussNoise.jpg", "height": 410, "width": 885, "id": 13}, {"file_name": "Snipaste_2024-01-01_12-10-05GaussNoise.jpg", "height": 733, "width": 914, "id": 14}, {"file_name": "Snipaste_2024-01-01_12-08-32img_light.jpg", "height": 490, "width": 921, "id": 15}, {"file_name": "Snipaste_2024-01-01_12-09-06img_move.jpg", "height": 410, "width": 885, "id": 16}, {"file_name": "Snipaste_2024-01-02_10-35-45img_light.jpg", "height": 524, "width": 855, "id": 17}, {"file_name": "Snipaste_2024-01-02_10-31-29blur.jpg", "height": 847, "width": 721, "id": 18}, {"file_name": "Snipaste_2024-01-02_10-32-52GaussNoise.jpg", "height": 624, "width": 422, "id": 19}, {"file_name": "Snipaste_2024-01-02_10-33-40blur.jpg", "height": 507, "width": 893, "id": 20}, {"file_name": "Snipaste_2024-01-02_10-35-45blur.jpg", "height": 524, "width": 855, "id": 21}, {"file_name": "Snipaste_2024-01-02_10-31-42GaussNoise.jpg", "height": 866, "width": 733, "id": 22}, {"file_name": "Snipaste_2024-01-01_12-07-52GaussNoise.jpg", "height": 550, "width": 564, "id": 23}, {"file_name": "Snipaste_2024-01-02_10-33-02blur.jpg", "height": 632, "width": 463, "id": 24}, {"file_name": "Snipaste_2024-01-01_12-09-56img_Pepper.jpg", "height": 411, "width": 929, "id": 25}, {"file_name": "Snipaste_2024-01-01_12-08-32.jpg", "height": 490, "width": 921, "id": 26}, {"file_name": "Snipaste_2024-01-01_12-08-32GaussNoise.jpg", "height": 490, "width": 921, "id": 27}, {"file_name": "Snipaste_2024-01-02_10-31-29img_basic.jpg", "height": 721, "width": 847, "id": 28}, {"file_name": "Snipaste_2024-01-01_12-09-06.jpg", "height": 410, "width": 885, "id": 29}, {"file_name": "Snipaste_2024-01-02_10-35-35img_Pepper.jpg", "height": 454, "width": 457, "id": 30}, {"file_name": "Snipaste_2024-01-02_10-33-21GaussNoise.jpg", "height": 600, "width": 897, "id": 31}, {"file_name": "Snipaste_2024-01-02_10-35-59img_Pepper.jpg", "height": 586, "width": 830, "id": 32}, {"file_name": "Snipaste_2024-01-01_12-10-05img_Pepper.jpg", "height": 733, "width": 914, "id": 33}, {"file_name": "Snipaste_2024-01-01_12-07-27GaussNoise.jpg", "height": 767, "width": 1068, "id": 34}, {"file_name": "Snipaste_2024-01-01_12-10-05blur.jpg", "height": 733, "width": 914, "id": 35}, {"file_name": "Snipaste_2024-01-02_10-34-10.jpg", "height": 502, "width": 735, "id": 36}, {"file_name": "Snipaste_2024-01-01_12-09-41img_light.jpg", "height": 576, "width": 928, "id": 37}, {"file_name": "Snipaste_2024-01-02_10-35-45img_basic.jpg", "height": 855, "width": 524, "id": 38}, {"file_name": "Snipaste_2024-01-02_10-33-40img_reverse.jpg", "height": 507, "width": 893, "id": 39}, {"file_name": "Snipaste_2024-01-01_12-07-27img_Pepper.jpg", "height": 767, "width": 1068, "id": 40}, {"file_name": "Snipaste_2024-01-02_10-36-45img_basic.jpg", "height": 909, "width": 616, "id": 41}, {"file_name": "Snipaste_2024-01-01_12-08-24img_light.jpg", "height": 526, "width": 894, "id": 42}, {"file_name": "Snipaste_2024-01-02_10-33-40img_Pepper.jpg", "height": 507, "width": 893, "id": 43}, {"file_name": "Snipaste_2024-01-02_10-33-51.jpg", "height": 633, "width": 459, "id": 44}, {"file_name": "Snipaste_2024-01-01_12-10-05img_light.jpg", "height": 733, "width": 914, "id": 45}, {"file_name": "Snipaste_2024-01-02_10-34-10img_Pepper.jpg", "height": 502, "width": 735, "id": 46}, {"file_name": "Snipaste_2024-01-02_10-36-13blur.jpg", "height": 519, "width": 904, "id": 47}, {"file_name": "Snipaste_2024-01-01_12-09-25img_Pepper.jpg", "height": 414, "width": 858, "id": 48}, {"file_name": "Snipaste_2024-01-01_12-09-06img_basic.jpg", "height": 885, "width": 410, "id": 49}, {"file_name": "Snipaste_2024-01-02_10-36-25img_Pepper.jpg", "height": 762, "width": 350, "id": 50}, {"file_name": "Snipaste_2024-01-02_10-33-21blur.jpg", "height": 600, "width": 897, "id": 51}, {"file_name": "Snipaste_2024-01-02_10-31-29img_move.jpg", "height": 847, "width": 721, "id": 52}, {"file_name": "Snipaste_2024-01-02_10-38-20img_move.jpg", "height": 657, "width": 811, "id": 53}, {"file_name": "Snipaste_2024-01-01_12-07-52img_basic.jpg", "height": 564, "width": 550, "id": 54}, {"file_name": "Snipaste_2024-01-01_12-08-12img_reverse.jpg", "height": 904, "width": 887, "id": 55}, {"file_name": "Snipaste_2024-01-02_10-35-59.jpg", "height": 586, "width": 830, "id": 56}, {"file_name": "Snipaste_2024-01-01_12-07-52img_move.jpg", "height": 550, "width": 564, "id": 57}, {"file_name": "Snipaste_2024-01-01_12-08-12img_Pepper.jpg", "height": 904, "width": 887, "id": 58}, {"file_name": "Snipaste_2024-01-02_10-32-52blur.jpg", "height": 624, "width": 422, "id": 59}, {"file_name": "Snipaste_2024-01-02_10-36-13GaussNoise.jpg", "height": 519, "width": 904, "id": 60}, {"file_name": "Snipaste_2024-01-01_12-09-06img_light.jpg", "height": 410, "width": 885, "id": 61}, {"file_name": "Snipaste_2024-01-02_10-36-13img_light.jpg", "height": 519, "width": 904, "id": 62}, {"file_name": "Snipaste_2024-01-02_10-33-51img_light.jpg", "height": 633, "width": 459, "id": 63}, {"file_name": "Snipaste_2024-01-02_10-36-25img_light.jpg", "height": 762, "width": 350, "id": 64}, {"file_name": "Snipaste_2024-01-02_10-36-45GaussNoise.jpg", "height": 616, "width": 909, "id": 65}, {"file_name": "Snipaste_2024-01-02_10-36-45img_move.jpg", "height": 616, "width": 909, "id": 66}, {"file_name": "Snipaste_2024-01-01_12-09-17img_Pepper.jpg", "height": 416, "width": 929, "id": 67}, {"file_name": "Snipaste_2024-01-01_12-08-53img_reverse.jpg", "height": 928, "width": 891, "id": 68}, {"file_name": "Snipaste_2024-01-02_10-33-21.jpg", "height": 600, "width": 897, "id": 69}, {"file_name": "Snipaste_2024-01-01_12-08-53img_basic.jpg", "height": 891, "width": 928, "id": 70}, {"file_name": "Snipaste_2024-01-01_12-07-52.jpg", "height": 550, "width": 564, "id": 71}, {"file_name": "Snipaste_2024-01-01_12-09-25.jpg", "height": 414, "width": 858, "id": 72}, {"file_name": "Snipaste_2024-01-01_12-08-24img_basic.jpg", "height": 894, "width": 526, "id": 73}, {"file_name": "Snipaste_2024-01-01_12-08-24.jpg", "height": 526, "width": 894, "id": 74}, {"file_name": "Snipaste_2024-01-02_10-33-51img_basic.jpg", "height": 459, "width": 633, "id": 75}, {"file_name": "Snipaste_2024-01-01_12-07-52img_Pepper.jpg", "height": 550, "width": 564, "id": 76}, {"file_name": "Snipaste_2024-01-01_12-08-24blur.jpg", "height": 526, "width": 894, "id": 77}, {"file_name": "Snipaste_2024-01-01_12-08-53blur.jpg", "height": 928, "width": 891, "id": 78}, {"file_name": "Snipaste_2024-01-02_10-32-52img_move.jpg", "height": 624, "width": 422, "id": 79}, {"file_name": "Snipaste_2024-01-01_12-09-17blur.jpg", "height": 416, "width": 929, "id": 80}, {"file_name": "Snipaste_2024-01-01_12-09-41blur.jpg", "height": 576, "width": 928, "id": 81}, {"file_name": "Snipaste_2024-01-02_10-35-59img_move.jpg", "height": 586, "width": 830, "id": 82}, {"file_name": "Snipaste_2024-01-02_10-34-10img_light.jpg", "height": 502, "width": 735, "id": 83}, {"file_name": "Snipaste_2024-01-01_12-08-12img_move.jpg", "height": 904, "width": 887, "id": 84}, {"file_name": "Snipaste_2024-01-02_10-33-40GaussNoise.jpg", "height": 507, "width": 893, "id": 85}, {"file_name": "Snipaste_2024-01-01_12-09-25GaussNoise.jpg", "height": 414, "width": 858, "id": 86}, {"file_name": "Snipaste_2024-01-02_10-35-59img_reverse.jpg", "height": 586, "width": 830, "id": 87}, {"file_name": "Snipaste_2024-01-01_12-08-24GaussNoise.jpg", "height": 526, "width": 894, "id": 88}, {"file_name": "Snipaste_2024-01-02_10-33-40.jpg", "height": 507, "width": 893, "id": 89}, {"file_name": "Snipaste_2024-01-02_10-33-02.jpg", "height": 632, "width": 463, "id": 90}, {"file_name": "Snipaste_2024-01-02_10-36-25.jpg", "height": 762, "width": 350, "id": 91}, {"file_name": "Snipaste_2024-01-01_12-08-53.jpg", "height": 928, "width": 891, "id": 92}, {"file_name": "Snipaste_2024-01-01_12-10-05img_basic.jpg", "height": 914, "width": 733, "id": 93}, {"file_name": "Snipaste_2024-01-02_10-35-35.jpg", "height": 454, "width": 457, "id": 94}, {"file_name": "Snipaste_2024-01-02_10-33-21img_basic.jpg", "height": 897, "width": 600, "id": 95}, {"file_name": "Snipaste_2024-01-02_10-32-52.jpg", "height": 624, "width": 422, "id": 96}, {"file_name": "Snipaste_2024-01-02_10-31-29img_light.jpg", "height": 847, "width": 721, "id": 97}, {"file_name": "Snipaste_2024-01-01_12-09-06blur.jpg", "height": 410, "width": 885, "id": 98}, {"file_name": "Snipaste_2024-01-02_10-36-45img_Pepper.jpg", "height": 616, "width": 909, "id": 99}, {"file_name": "Snipaste_2024-01-02_10-36-45img_light.jpg", "height": 616, "width": 909, "id": 100}, {"file_name": "Snipaste_2024-01-02_10-36-13img_Pepper.jpg", "height": 519, "width": 904, "id": 101}, {"file_name": "Snipaste_2024-01-02_10-36-13img_reverse.jpg", "height": 519, "width": 904, "id": 102}, {"file_name": "Snipaste_2024-01-01_12-09-56img_light.jpg", "height": 411, "width": 929, "id": 103}, {"file_name": "Snipaste_2024-01-01_12-07-27img_light.jpg", "height": 767, "width": 1068, "id": 104}, {"file_name": "Snipaste_2024-01-01_12-08-53img_Pepper.jpg", "height": 928, "width": 891, "id": 105}, {"file_name": "Snipaste_2024-01-01_12-09-06img_Pepper.jpg", "height": 410, "width": 885, "id": 106}, {"file_name": "Snipaste_2024-01-01_12-09-17img_light.jpg", "height": 416, "width": 929, "id": 107}, {"file_name": "Snipaste_2024-01-01_12-09-17.jpg", "height": 416, "width": 929, "id": 108}, {"file_name": "Snipaste_2024-01-02_10-35-45.jpg", "height": 524, "width": 855, "id": 109}, {"file_name": "Snipaste_2024-01-01_12-09-56img_basic.jpg", "height": 929, "width": 411, "id": 110}, {"file_name": "Snipaste_2024-01-02_10-35-17GaussNoise.jpg", "height": 630, "width": 439, "id": 111}, {"file_name": "Snipaste_2024-01-02_10-35-17blur.jpg", "height": 630, "width": 439, "id": 112}, {"file_name": "Snipaste_2024-01-01_12-07-27.jpg", "height": 767, "width": 1068, "id": 113}, {"file_name": "Snipaste_2024-01-01_12-10-05img_move.jpg", "height": 733, "width": 914, "id": 114}, {"file_name": "Snipaste_2024-01-02_10-35-59GaussNoise.jpg", "height": 586, "width": 830, "id": 115}, {"file_name": "Snipaste_2024-01-01_12-09-56blur.jpg", "height": 411, "width": 929, "id": 116}, {"file_name": "Snipaste_2024-01-02_10-36-45blur.jpg", "height": 616, "width": 909, "id": 117}, {"file_name": "Snipaste_2024-01-02_10-35-17img_basic.jpg", "height": 439, "width": 630, "id": 118}, {"file_name": "Snipaste_2024-01-01_12-08-32blur.jpg", "height": 490, "width": 921, "id": 119}, {"file_name": "Snipaste_2024-01-02_10-33-02img_basic.jpg", "height": 463, "width": 632, "id": 120}, {"file_name": "Snipaste_2024-01-01_12-08-12.jpg", "height": 904, "width": 887, "id": 121}, {"file_name": "Snipaste_2024-01-01_12-10-05.jpg", "height": 733, "width": 914, "id": 122}, {"file_name": "Snipaste_2024-01-01_12-08-12img_basic.jpg", "height": 887, "width": 904, "id": 123}, {"file_name": "Snipaste_2024-01-01_12-08-12img_light.jpg", "height": 904, "width": 887, "id": 124}, {"file_name": "Snipaste_2024-01-01_12-08-53img_light.jpg", "height": 928, "width": 891, "id": 125}, {"file_name": "Snipaste_2024-01-02_10-33-02img_reverse.jpg", "height": 632, "width": 463, "id": 126}, {"file_name": "Snipaste_2024-01-01_12-09-06img_reverse.jpg", "height": 410, "width": 885, "id": 127}, {"file_name": "Snipaste_2024-01-02_10-33-21img_Pepper.jpg", "height": 600, "width": 897, "id": 128}, {"file_name": "Snipaste_2024-01-01_12-09-25blur.jpg", "height": 414, "width": 858, "id": 129}, {"file_name": "Snipaste_2024-01-01_12-08-24img_move.jpg", "height": 526, "width": 894, "id": 130}, {"file_name": "Snipaste_2024-01-01_12-09-41img_Pepper.jpg", "height": 576, "width": 928, "id": 131}, {"file_name": "Snipaste_2024-01-02_10-35-35blur.jpg", "height": 454, "width": 457, "id": 132}, {"file_name": "Snipaste_2024-01-02_10-33-02img_Pepper.jpg", "height": 632, "width": 463, "id": 133}, {"file_name": "Snipaste_2024-01-02_10-33-40img_light.jpg", "height": 507, "width": 893, "id": 134}, {"file_name": "Snipaste_2024-01-01_12-07-27blur.jpg", "height": 767, "width": 1068, "id": 135}], "annotations": [{"area": 73815, "iscrowd": 0, "image_id": 0, "bbox": [562, 164, 259, 285], "category_id": 1, "id": 1, "ignore": 0, "segmentation": []}, {"area": 133984, "iscrowd": 0, "image_id": 0, "bbox": [121, 179, 424, 316], "category_id": 1, "id": 2, "ignore": 0, "segmentation": []}, {"area": 305418, "iscrowd": 0, "image_id": 1, "bbox": [86, 426, 654, 467], "category_id": 1, "id": 3, "ignore": 0, "segmentation": []}, {"area": 226687, "iscrowd": 0, "image_id": 1, "bbox": [148, 313, 397, 571], "category_id": 2, "id": 4, "ignore": 0, "segmentation": []}, {"area": 38896, "iscrowd": 0, "image_id": 2, "bbox": [0, 436, 176, 221], "category_id": 1, "id": 5, "ignore": 0, "segmentation": []}, {"area": 36424, "iscrowd": 0, "image_id": 2, "bbox": [308, 366, 157, 232], "category_id": 1, "id": 6, "ignore": 0, "segmentation": []}, {"area": 16685, "iscrowd": 0, "image_id": 2, "bbox": [248, 242, 47, 355], "category_id": 2, "id": 7, "ignore": 0, "segmentation": []}, {"area": 74168, "iscrowd": 0, "image_id": 2, "bbox": [561, 147, 146, 508], "category_id": 2, "id": 8, "ignore": 0, "segmentation": []}, {"area": 74580, "iscrowd": 0, "image_id": 3, "bbox": [291, 177, 220, 339], "category_id": 1, "id": 9, "ignore": 0, "segmentation": []}, {"area": 82110, "iscrowd": 0, "image_id": 3, "bbox": [309, 79, 210, 391], "category_id": 2, "id": 10, "ignore": 0, "segmentation": []}, {"area": 50715, "iscrowd": 0, "image_id": 4, "bbox": [84, 378, 207, 245], "category_id": 1, "id": 11, "ignore": 0, "segmentation": []}, {"area": 35894, "iscrowd": 0, "image_id": 4, "bbox": [90, 295, 131, 274], "category_id": 2, "id": 12, "ignore": 0, "segmentation": []}, {"area": 120374, "iscrowd": 0, "image_id": 5, "bbox": [137, 337, 278, 433], "category_id": 1, "id": 13, "ignore": 0, "segmentation": []}, {"area": 63054, "iscrowd": 0, "image_id": 5, "bbox": [290, 288, 226, 279], "category_id": 2, "id": 14, "ignore": 0, "segmentation": []}, {"area": 25120, "iscrowd": 0, "image_id": 6, "bbox": [193, 262, 157, 160], "category_id": 1, "id": 15, "ignore": 0, "segmentation": []}, {"area": 39168, "iscrowd": 0, "image_id": 6, "bbox": [80, 134, 136, 288], "category_id": 2, "id": 16, "ignore": 0, "segmentation": []}, {"area": 64512, "iscrowd": 0, "image_id": 7, "bbox": [355, 358, 192, 336], "category_id": 2, "id": 17, "ignore": 0, "segmentation": []}, {"area": 63168, "iscrowd": 0, "image_id": 8, "bbox": [365, 365, 192, 329], "category_id": 2, "id": 18, "ignore": 0, "segmentation": []}, {"area": 51706, "iscrowd": 0, "image_id": 9, "bbox": [85, 378, 206, 251], "category_id": 1, "id": 19, "ignore": 0, "segmentation": []}, {"area": 31175, "iscrowd": 0, "image_id": 9, "bbox": [85, 290, 145, 215], "category_id": 2, "id": 20, "ignore": 0, "segmentation": []}, {"area": 22016, "iscrowd": 0, "image_id": 10, "bbox": [166, 199, 128, 172], "category_id": 1, "id": 21, "ignore": 0, "segmentation": []}, {"area": 33909, "iscrowd": 0, "image_id": 10, "bbox": [127, 13, 89, 381], "category_id": 2, "id": 22, "ignore": 0, "segmentation": []}, {"area": 39366, "iscrowd": 0, "image_id": 11, "bbox": [309, 362, 162, 243], "category_id": 1, "id": 23, "ignore": 0, "segmentation": []}, {"area": 37584, "iscrowd": 0, "image_id": 11, "bbox": [0, 438, 174, 216], "category_id": 1, "id": 24, "ignore": 0, "segmentation": []}, {"area": 20185, "iscrowd": 0, "image_id": 11, "bbox": [247, 236, 55, 367], "category_id": 2, "id": 25, "ignore": 0, "segmentation": []}, {"area": 73950, "iscrowd": 0, "image_id": 11, "bbox": [568, 144, 145, 510], "category_id": 2, "id": 26, "ignore": 0, "segmentation": []}, {"area": 38133, "iscrowd": 0, "image_id": 12, "bbox": [282, 243, 223, 171], "category_id": 1, "id": 27, "ignore": 0, "segmentation": []}, {"area": 42104, "iscrowd": 0, "image_id": 12, "bbox": [200, 137, 152, 277], "category_id": 2, "id": 28, "ignore": 0, "segmentation": []}, {"area": 73696, "iscrowd": 0, "image_id": 13, "bbox": [310, 186, 329, 224], "category_id": 1, "id": 29, "ignore": 0, "segmentation": []}, {"area": 29172, "iscrowd": 0, "image_id": 13, "bbox": [333, 136, 187, 156], "category_id": 2, "id": 30, "ignore": 0, "segmentation": []}, {"area": 130500, "iscrowd": 0, "image_id": 14, "bbox": [402, 292, 300, 435], "category_id": 1, "id": 31, "ignore": 0, "segmentation": []}, {"area": 98280, "iscrowd": 0, "image_id": 14, "bbox": [226, 152, 195, 504], "category_id": 2, "id": 32, "ignore": 0, "segmentation": []}, {"area": 45816, "iscrowd": 0, "image_id": 15, "bbox": [527, 322, 276, 166], "category_id": 1, "id": 33, "ignore": 0, "segmentation": []}, {"area": 39650, "iscrowd": 0, "image_id": 15, "bbox": [409, 163, 122, 325], "category_id": 2, "id": 34, "ignore": 0, "segmentation": []}, {"area": 54108, "iscrowd": 0, "image_id": 16, "bbox": [476, 240, 324, 167], "category_id": 1, "id": 35, "ignore": 0, "segmentation": []}, {"area": 24360, "iscrowd": 0, "image_id": 16, "bbox": [510, 191, 168, 145], "category_id": 2, "id": 36, "ignore": 0, "segmentation": []}, {"area": 44520, "iscrowd": 0, "image_id": 17, "bbox": [333, 29, 210, 212], "category_id": 1, "id": 37, "ignore": 0, "segmentation": []}, {"area": 113262, "iscrowd": 0, "image_id": 18, "bbox": [143, 331, 258, 439], "category_id": 1, "id": 38, "ignore": 0, "segmentation": []}, {"area": 62780, "iscrowd": 0, "image_id": 18, "bbox": [304, 288, 215, 292], "category_id": 2, "id": 39, "ignore": 0, "segmentation": []}, {"area": 53053, "iscrowd": 0, "image_id": 19, "bbox": [197, 253, 143, 371], "category_id": 1, "id": 40, "ignore": 0, "segmentation": []}, {"area": 47197, "iscrowd": 0, "image_id": 19, "bbox": [113, 126, 109, 433], "category_id": 2, "id": 41, "ignore": 0, "segmentation": []}, {"area": 26030, "iscrowd": 0, "image_id": 20, "bbox": [441, 232, 95, 274], "category_id": 1, "id": 42, "ignore": 0, "segmentation": []}, {"area": 66272, "iscrowd": 0, "image_id": 20, "bbox": [375, 59, 152, 436], "category_id": 2, "id": 43, "ignore": 0, "segmentation": []}, {"area": 38055, "iscrowd": 0, "image_id": 21, "bbox": [364, 27, 177, 215], "category_id": 1, "id": 44, "ignore": 0, "segmentation": []}, {"area": 66778, "iscrowd": 0, "image_id": 22, "bbox": [367, 351, 193, 346], "category_id": 2, "id": 45, "ignore": 0, "segmentation": []}, {"area": 43904, "iscrowd": 0, "image_id": 23, "bbox": [297, 181, 128, 343], "category_id": 1, "id": 46, "ignore": 0, "segmentation": []}, {"area": 45250, "iscrowd": 0, "image_id": 23, "bbox": [204, 125, 125, 362], "category_id": 2, "id": 47, "ignore": 0, "segmentation": []}, {"area": 32095, "iscrowd": 0, "image_id": 24, "bbox": [213, 387, 131, 245], "category_id": 1, "id": 48, "ignore": 0, "segmentation": []}, {"area": 76588, "iscrowd": 0, "image_id": 24, "bbox": [80, 165, 164, 467], "category_id": 2, "id": 49, "ignore": 0, "segmentation": []}, {"area": 97929, "iscrowd": 0, "image_id": 25, "bbox": [295, 60, 279, 351], "category_id": 1, "id": 50, "ignore": 0, "segmentation": []}, {"area": 79380, "iscrowd": 0, "image_id": 25, "bbox": [195, 2, 196, 405], "category_id": 2, "id": 51, "ignore": 0, "segmentation": []}, {"area": 47425, "iscrowd": 0, "image_id": 26, "bbox": [523, 315, 271, 175], "category_id": 1, "id": 52, "ignore": 0, "segmentation": []}, {"area": 38437, "iscrowd": 0, "image_id": 26, "bbox": [410, 166, 119, 323], "category_id": 2, "id": 53, "ignore": 0, "segmentation": []}, {"area": 43132, "iscrowd": 0, "image_id": 27, "bbox": [532, 322, 263, 164], "category_id": 1, "id": 54, "ignore": 0, "segmentation": []}, {"area": 37050, "iscrowd": 0, "image_id": 27, "bbox": [417, 164, 114, 325], "category_id": 2, "id": 55, "ignore": 0, "segmentation": []}, {"area": 99530, "iscrowd": 0, "image_id": 28, "bbox": [165, 350, 269, 370], "category_id": 1, "id": 56, "ignore": 0, "segmentation": []}, {"area": 56980, "iscrowd": 0, "image_id": 28, "bbox": [306, 299, 220, 259], "category_id": 2, "id": 57, "ignore": 0, "segmentation": []}, {"area": 73482, "iscrowd": 0, "image_id": 29, "bbox": [307, 185, 331, 222], "category_id": 1, "id": 58, "ignore": 0, "segmentation": []}, {"area": 27388, "iscrowd": 0, "image_id": 29, "bbox": [346, 132, 164, 167], "category_id": 2, "id": 59, "ignore": 0, "segmentation": []}, {"area": 21328, "iscrowd": 0, "image_id": 30, "bbox": [173, 198, 124, 172], "category_id": 1, "id": 60, "ignore": 0, "segmentation": []}, {"area": 31668, "iscrowd": 0, "image_id": 30, "bbox": [130, 15, 84, 377], "category_id": 2, "id": 61, "ignore": 0, "segmentation": []}, {"area": 121924, "iscrowd": 0, "image_id": 31, "bbox": [351, 226, 326, 374], "category_id": 1, "id": 62, "ignore": 0, "segmentation": []}, {"area": 133920, "iscrowd": 0, "image_id": 31, "bbox": [133, 77, 270, 496], "category_id": 2, "id": 63, "ignore": 0, "segmentation": []}, {"area": 115700, "iscrowd": 0, "image_id": 31, "bbox": [404, 66, 325, 356], "category_id": 2, "id": 64, "ignore": 0, "segmentation": []}, {"area": 123109, "iscrowd": 0, "image_id": 32, "bbox": [130, 177, 409, 301], "category_id": 1, "id": 65, "ignore": 0, "segmentation": []}, {"area": 84864, "iscrowd": 0, "image_id": 32, "bbox": [558, 167, 272, 312], "category_id": 1, "id": 66, "ignore": 0, "segmentation": []}, {"area": 123840, "iscrowd": 0, "image_id": 33, "bbox": [392, 284, 288, 430], "category_id": 1, "id": 67, "ignore": 0, "segmentation": []}, {"area": 98044, "iscrowd": 0, "image_id": 33, "bbox": [233, 152, 193, 508], "category_id": 2, "id": 68, "ignore": 0, "segmentation": []}, {"area": 252315, "iscrowd": 0, "image_id": 34, "bbox": [19, 137, 405, 623], "category_id": 1, "id": 69, "ignore": 0, "segmentation": []}, {"area": 172155, "iscrowd": 0, "image_id": 34, "bbox": [558, 214, 345, 499], "category_id": 1, "id": 70, "ignore": 0, "segmentation": []}, {"area": 131199, "iscrowd": 0, "image_id": 35, "bbox": [397, 292, 303, 433], "category_id": 1, "id": 71, "ignore": 0, "segmentation": []}, {"area": 108864, "iscrowd": 0, "image_id": 35, "bbox": [231, 157, 216, 504], "category_id": 2, "id": 72, "ignore": 0, "segmentation": []}, {"area": 52272, "iscrowd": 0, "image_id": 36, "bbox": [274, 199, 176, 297], "category_id": 1, "id": 73, "ignore": 0, "segmentation": []}, {"area": 72624, "iscrowd": 0, "image_id": 36, "bbox": [243, 139, 204, 356], "category_id": 2, "id": 74, "ignore": 0, "segmentation": []}, {"area": 43650, "iscrowd": 0, "image_id": 37, "bbox": [493, 351, 194, 225], "category_id": 1, "id": 75, "ignore": 0, "segmentation": []}, {"area": 49290, "iscrowd": 0, "image_id": 37, "bbox": [401, 256, 155, 318], "category_id": 2, "id": 76, "ignore": 0, "segmentation": []}, {"area": 36520, "iscrowd": 0, "image_id": 38, "bbox": [289, 1, 220, 166], "category_id": 1, "id": 77, "ignore": 0, "segmentation": []}, {"area": 27048, "iscrowd": 0, "image_id": 39, "bbox": [354, 229, 98, 276], "category_id": 1, "id": 78, "ignore": 0, "segmentation": []}, {"area": 58940, "iscrowd": 0, "image_id": 39, "bbox": [393, 75, 140, 421], "category_id": 2, "id": 79, "ignore": 0, "segmentation": []}, {"area": 245180, "iscrowd": 0, "image_id": 40, "bbox": [16, 157, 410, 598], "category_id": 1, "id": 80, "ignore": 0, "segmentation": []}, {"area": 169818, "iscrowd": 0, "image_id": 40, "bbox": [555, 218, 341, 498], "category_id": 1, "id": 81, "ignore": 0, "segmentation": []}, {"area": 115938, "iscrowd": 0, "image_id": 41, "bbox": [15, 204, 342, 339], "category_id": 1, "id": 82, "ignore": 0, "segmentation": []}, {"area": 36698, "iscrowd": 0, "image_id": 41, "bbox": [413, 200, 118, 311], "category_id": 1, "id": 83, "ignore": 0, "segmentation": []}, {"area": 50264, "iscrowd": 0, "image_id": 41, "bbox": [494, 182, 122, 412], "category_id": 1, "id": 84, "ignore": 0, "segmentation": []}, {"area": 341445, "iscrowd": 0, "image_id": 42, "bbox": [71, 4, 663, 515], "category_id": 1, "id": 85, "ignore": 0, "segmentation": []}, {"area": 58653, "iscrowd": 0, "image_id": 42, "bbox": [157, 0, 343, 171], "category_id": 2, "id": 86, "ignore": 0, "segmentation": []}, {"area": 29757, "iscrowd": 0, "image_id": 43, "bbox": [432, 231, 109, 273], "category_id": 1, "id": 87, "ignore": 0, "segmentation": []}, {"area": 61053, "iscrowd": 0, "image_id": 43, "bbox": [371, 61, 141, 433], "category_id": 2, "id": 88, "ignore": 0, "segmentation": []}, {"area": 53766, "iscrowd": 0, "image_id": 44, "bbox": [89, 372, 206, 261], "category_id": 1, "id": 89, "ignore": 0, "segmentation": []}, {"area": 42000, "iscrowd": 0, "image_id": 44, "bbox": [90, 288, 140, 300], "category_id": 2, "id": 90, "ignore": 0, "segmentation": []}, {"area": 130980, "iscrowd": 0, "image_id": 45, "bbox": [396, 289, 295, 444], "category_id": 1, "id": 91, "ignore": 0, "segmentation": []}, {"area": 95232, "iscrowd": 0, "image_id": 45, "bbox": [220, 158, 192, 496], "category_id": 2, "id": 92, "ignore": 0, "segmentation": []}, {"area": 50160, "iscrowd": 0, "image_id": 46, "bbox": [282, 198, 165, 304], "category_id": 1, "id": 93, "ignore": 0, "segmentation": []}, {"area": 77112, "iscrowd": 0, "image_id": 46, "bbox": [246, 139, 216, 357], "category_id": 2, "id": 94, "ignore": 0, "segmentation": []}, {"area": 88946, "iscrowd": 0, "image_id": 47, "bbox": [291, 207, 286, 311], "category_id": 1, "id": 95, "ignore": 0, "segmentation": []}, {"area": 62868, "iscrowd": 0, "image_id": 47, "bbox": [356, 164, 186, 338], "category_id": 2, "id": 96, "ignore": 0, "segmentation": []}, {"area": 38136, "iscrowd": 0, "image_id": 48, "bbox": [352, 244, 227, 168], "category_id": 1, "id": 97, "ignore": 0, "segmentation": []}, {"area": 42186, "iscrowd": 0, "image_id": 48, "bbox": [501, 141, 158, 267], "category_id": 2, "id": 98, "ignore": 0, "segmentation": []}, {"area": 16402, "iscrowd": 0, "image_id": 49, "bbox": [292, 250, 118, 139], "category_id": 1, "id": 99, "ignore": 0, "segmentation": []}, {"area": 17472, "iscrowd": 0, "image_id": 49, "bbox": [319, 68, 91, 192], "category_id": 2, "id": 100, "ignore": 0, "segmentation": []}, {"area": 73128, "iscrowd": 0, "image_id": 50, "bbox": [33, 379, 277, 264], "category_id": 1, "id": 101, "ignore": 0, "segmentation": []}, {"area": 79120, "iscrowd": 0, "image_id": 50, "bbox": [41, 231, 172, 460], "category_id": 2, "id": 102, "ignore": 0, "segmentation": []}, {"area": 115920, "iscrowd": 0, "image_id": 51, "bbox": [355, 235, 322, 360], "category_id": 1, "id": 103, "ignore": 0, "segmentation": []}, {"area": 128525, "iscrowd": 0, "image_id": 51, "bbox": [131, 81, 265, 485], "category_id": 2, "id": 104, "ignore": 0, "segmentation": []}, {"area": 125925, "iscrowd": 0, "image_id": 51, "bbox": [383, 67, 345, 365], "category_id": 2, "id": 105, "ignore": 0, "segmentation": []}, {"area": 114205, "iscrowd": 0, "image_id": 52, "bbox": [150, 379, 251, 455], "category_id": 1, "id": 106, "ignore": 0, "segmentation": []}, {"area": 61692, "iscrowd": 0, "image_id": 52, "bbox": [322, 328, 212, 291], "category_id": 2, "id": 107, "ignore": 0, "segmentation": []}, {"area": 31329, "iscrowd": 0, "image_id": 53, "bbox": [284, 480, 177, 177], "category_id": 1, "id": 108, "ignore": 0, "segmentation": []}, {"area": 44032, "iscrowd": 0, "image_id": 53, "bbox": [591, 401, 172, 256], "category_id": 1, "id": 109, "ignore": 0, "segmentation": []}, {"area": 24053, "iscrowd": 0, "image_id": 53, "bbox": [524, 278, 67, 359], "category_id": 2, "id": 110, "ignore": 0, "segmentation": []}, {"area": 59204, "iscrowd": 0, "image_id": 54, "bbox": [297, 160, 164, 361], "category_id": 1, "id": 111, "ignore": 0, "segmentation": []}, {"area": 43734, "iscrowd": 0, "image_id": 54, "bbox": [198, 107, 111, 394], "category_id": 2, "id": 112, "ignore": 0, "segmentation": []}, {"area": 309048, "iscrowd": 0, "image_id": 55, "bbox": [145, 425, 652, 474], "category_id": 1, "id": 113, "ignore": 0, "segmentation": []}, {"area": 241362, "iscrowd": 0, "image_id": 55, "bbox": [351, 307, 414, 583], "category_id": 2, "id": 114, "ignore": 0, "segmentation": []}, {"area": 139020, "iscrowd": 0, "image_id": 56, "bbox": [122, 175, 420, 331], "category_id": 1, "id": 115, "ignore": 0, "segmentation": []}, {"area": 74528, "iscrowd": 0, "image_id": 56, "bbox": [553, 167, 272, 274], "category_id": 1, "id": 116, "ignore": 0, "segmentation": []}, {"area": 7119, "iscrowd": 0, "image_id": 57, "bbox": [501, 437, 63, 113], "category_id": 1, "id": 117, "ignore": 0, "segmentation": []}, {"area": 23310, "iscrowd": 0, "image_id": 57, "bbox": [410, 340, 111, 210], "category_id": 2, "id": 118, "ignore": 0, "segmentation": []}, {"area": 309522, "iscrowd": 0, "image_id": 58, "bbox": [87, 430, 653, 474], "category_id": 1, "id": 119, "ignore": 0, "segmentation": []}, {"area": 245964, "iscrowd": 0, "image_id": 58, "bbox": [137, 301, 412, 597], "category_id": 2, "id": 120, "ignore": 0, "segmentation": []}, {"area": 52164, "iscrowd": 0, "image_id": 59, "bbox": [203, 246, 138, 378], "category_id": 1, "id": 121, "ignore": 0, "segmentation": []}, {"area": 40269, "iscrowd": 0, "image_id": 59, "bbox": [117, 126, 93, 433], "category_id": 2, "id": 122, "ignore": 0, "segmentation": []}, {"area": 84680, "iscrowd": 0, "image_id": 60, "bbox": [286, 224, 292, 290], "category_id": 1, "id": 123, "ignore": 0, "segmentation": []}, {"area": 54880, "iscrowd": 0, "image_id": 60, "bbox": [373, 162, 160, 343], "category_id": 2, "id": 124, "ignore": 0, "segmentation": []}, {"area": 71720, "iscrowd": 0, "image_id": 61, "bbox": [309, 183, 326, 220], "category_id": 1, "id": 125, "ignore": 0, "segmentation": []}, {"area": 27054, "iscrowd": 0, "image_id": 61, "bbox": [347, 134, 167, 162], "category_id": 2, "id": 126, "ignore": 0, "segmentation": []}, {"area": 88173, "iscrowd": 0, "image_id": 62, "bbox": [289, 211, 291, 303], "category_id": 1, "id": 127, "ignore": 0, "segmentation": []}, {"area": 70288, "iscrowd": 0, "image_id": 62, "bbox": [355, 146, 191, 368], "category_id": 2, "id": 128, "ignore": 0, "segmentation": []}, {"area": 49530, "iscrowd": 0, "image_id": 63, "bbox": [93, 376, 195, 254], "category_id": 1, "id": 129, "ignore": 0, "segmentation": []}, {"area": 26069, "iscrowd": 0, "image_id": 63, "bbox": [90, 294, 131, 199], "category_id": 2, "id": 130, "ignore": 0, "segmentation": []}, {"area": 73437, "iscrowd": 0, "image_id": 64, "bbox": [34, 392, 273, 269], "category_id": 1, "id": 131, "ignore": 0, "segmentation": []}, {"area": 84084, "iscrowd": 0, "image_id": 64, "bbox": [30, 227, 182, 462], "category_id": 2, "id": 132, "ignore": 0, "segmentation": []}, {"area": 136644, "iscrowd": 0, "image_id": 65, "bbox": [18, 169, 354, 386], "category_id": 1, "id": 133, "ignore": 0, "segmentation": []}, {"area": 211292, "iscrowd": 0, "image_id": 65, "bbox": [505, 92, 404, 523], "category_id": 1, "id": 134, "ignore": 0, "segmentation": []}, {"area": 58080, "iscrowd": 0, "image_id": 65, "bbox": [427, 188, 176, 330], "category_id": 1, "id": 135, "ignore": 0, "segmentation": []}, {"area": 56392, "iscrowd": 0, "image_id": 66, "bbox": [194, 464, 371, 152], "category_id": 1, "id": 136, "ignore": 0, "segmentation": []}, {"area": 17024, "iscrowd": 0, "image_id": 66, "bbox": [665, 504, 152, 112], "category_id": 1, "id": 137, "ignore": 0, "segmentation": []}, {"area": 48576, "iscrowd": 0, "image_id": 67, "bbox": [492, 224, 253, 192], "category_id": 1, "id": 138, "ignore": 0, "segmentation": []}, {"area": 81482, "iscrowd": 0, "image_id": 67, "bbox": [432, 97, 262, 311], "category_id": 2, "id": 139, "ignore": 0, "segmentation": []}, {"area": 9120, "iscrowd": 0, "image_id": 67, "bbox": [626, 120, 114, 80], "category_id": 2, "id": 140, "ignore": 0, "segmentation": []}, {"area": 69825, "iscrowd": 0, "image_id": 68, "bbox": [137, 602, 245, 285], "category_id": 1, "id": 141, "ignore": 0, "segmentation": []}, {"area": 207204, "iscrowd": 0, "image_id": 68, "bbox": [59, 247, 372, 557], "category_id": 2, "id": 142, "ignore": 0, "segmentation": []}, {"area": 121225, "iscrowd": 0, "image_id": 69, "bbox": [355, 226, 325, 373], "category_id": 1, "id": 143, "ignore": 0, "segmentation": []}, {"area": 113190, "iscrowd": 0, "image_id": 69, "bbox": [153, 79, 231, 490], "category_id": 2, "id": 144, "ignore": 0, "segmentation": []}, {"area": 124573, "iscrowd": 0, "image_id": 69, "bbox": [377, 82, 359, 347], "category_id": 2, "id": 145, "ignore": 0, "segmentation": []}, {"area": 69300, "iscrowd": 0, "image_id": 70, "bbox": [530, 526, 252, 275], "category_id": 1, "id": 146, "ignore": 0, "segmentation": []}, {"area": 201894, "iscrowd": 0, "image_id": 70, "bbox": [470, 249, 399, 506], "category_id": 2, "id": 147, "ignore": 0, "segmentation": []}, {"area": 44278, "iscrowd": 0, "image_id": 71, "bbox": [302, 183, 131, 338], "category_id": 1, "id": 148, "ignore": 0, "segmentation": []}, {"area": 41019, "iscrowd": 0, "image_id": 71, "bbox": [207, 126, 113, 363], "category_id": 2, "id": 149, "ignore": 0, "segmentation": []}, {"area": 35424, "iscrowd": 0, "image_id": 72, "bbox": [359, 245, 216, 164], "category_id": 1, "id": 150, "ignore": 0, "segmentation": []}, {"area": 44679, "iscrowd": 0, "image_id": 72, "bbox": [504, 133, 159, 281], "category_id": 2, "id": 151, "ignore": 0, "segmentation": []}, {"area": 289044, "iscrowd": 0, "image_id": 73, "bbox": [4, 5, 518, 558], "category_id": 1, "id": 152, "ignore": 0, "segmentation": []}, {"area": 61685, "iscrowd": 0, "image_id": 73, "bbox": [76, 0, 365, 169], "category_id": 2, "id": 153, "ignore": 0, "segmentation": []}, {"area": 345800, "iscrowd": 0, "image_id": 74, "bbox": [69, 3, 665, 520], "category_id": 1, "id": 154, "ignore": 0, "segmentation": []}, {"area": 71060, "iscrowd": 0, "image_id": 74, "bbox": [182, 0, 340, 209], "category_id": 2, "id": 155, "ignore": 0, "segmentation": []}, {"area": 7802, "iscrowd": 0, "image_id": 75, "bbox": [198, 376, 94, 83], "category_id": 1, "id": 156, "ignore": 0, "segmentation": []}, {"area": 21147, "iscrowd": 0, "image_id": 75, "bbox": [91, 297, 133, 159], "category_id": 2, "id": 157, "ignore": 0, "segmentation": []}, {"area": 42768, "iscrowd": 0, "image_id": 76, "bbox": [297, 186, 132, 324], "category_id": 1, "id": 158, "ignore": 0, "segmentation": []}, {"area": 43923, "iscrowd": 0, "image_id": 76, "bbox": [203, 125, 121, 363], "category_id": 2, "id": 159, "ignore": 0, "segmentation": []}, {"area": 350262, "iscrowd": 0, "image_id": 77, "bbox": [66, 2, 671, 522], "category_id": 1, "id": 160, "ignore": 0, "segmentation": []}, {"area": 68276, "iscrowd": 0, "image_id": 77, "bbox": [179, 0, 338, 202], "category_id": 2, "id": 161, "ignore": 0, "segmentation": []}, {"area": 71775, "iscrowd": 0, "image_id": 78, "bbox": [490, 600, 261, 275], "category_id": 1, "id": 162, "ignore": 0, "segmentation": []}, {"area": 206662, "iscrowd": 0, "image_id": 78, "bbox": [452, 247, 382, 541], "category_id": 2, "id": 163, "ignore": 0, "segmentation": []}, {"area": 9065, "iscrowd": 0, "image_id": 79, "bbox": [373, 439, 49, 185], "category_id": 1, "id": 164, "ignore": 0, "segmentation": []}, {"area": 32780, "iscrowd": 0, "image_id": 79, "bbox": [284, 321, 110, 298], "category_id": 2, "id": 165, "ignore": 0, "segmentation": []}, {"area": 55593, "iscrowd": 0, "image_id": 80, "bbox": [487, 199, 261, 213], "category_id": 1, "id": 166, "ignore": 0, "segmentation": []}, {"area": 89148, "iscrowd": 0, "image_id": 80, "bbox": [432, 89, 276, 323], "category_id": 2, "id": 167, "ignore": 0, "segmentation": []}, {"area": 9102, "iscrowd": 0, "image_id": 80, "bbox": [616, 119, 123, 74], "category_id": 2, "id": 168, "ignore": 0, "segmentation": []}, {"area": 43228, "iscrowd": 0, "image_id": 81, "bbox": [492, 362, 202, 214], "category_id": 1, "id": 169, "ignore": 0, "segmentation": []}, {"area": 48336, "iscrowd": 0, "image_id": 81, "bbox": [405, 254, 152, 318], "category_id": 2, "id": 170, "ignore": 0, "segmentation": []}, {"area": 96957, "iscrowd": 0, "image_id": 82, "bbox": [419, 342, 399, 243], "category_id": 1, "id": 171, "ignore": 0, "segmentation": []}, {"area": 52020, "iscrowd": 0, "image_id": 83, "bbox": [278, 196, 170, 306], "category_id": 1, "id": 172, "ignore": 0, "segmentation": []}, {"area": 79272, "iscrowd": 0, "image_id": 83, "bbox": [244, 135, 216, 367], "category_id": 2, "id": 173, "ignore": 0, "segmentation": []}, {"area": 209185, "iscrowd": 0, "image_id": 84, "bbox": [352, 507, 535, 391], "category_id": 1, "id": 174, "ignore": 0, "segmentation": []}, {"area": 210912, "iscrowd": 0, "image_id": 84, "bbox": [400, 375, 416, 507], "category_id": 2, "id": 175, "ignore": 0, "segmentation": []}, {"area": 25208, "iscrowd": 0, "image_id": 85, "bbox": [442, 231, 92, 274], "category_id": 1, "id": 176, "ignore": 0, "segmentation": []}, {"area": 77520, "iscrowd": 0, "image_id": 85, "bbox": [362, 50, 170, 456], "category_id": 2, "id": 177, "ignore": 0, "segmentation": []}, {"area": 37074, "iscrowd": 0, "image_id": 86, "bbox": [354, 243, 222, 167], "category_id": 1, "id": 178, "ignore": 0, "segmentation": []}, {"area": 42294, "iscrowd": 0, "image_id": 86, "bbox": [501, 142, 159, 266], "category_id": 2, "id": 179, "ignore": 0, "segmentation": []}, {"area": 78861, "iscrowd": 0, "image_id": 87, "bbox": [5, 163, 271, 291], "category_id": 1, "id": 180, "ignore": 0, "segmentation": []}, {"area": 122720, "iscrowd": 0, "image_id": 87, "bbox": [288, 174, 416, 295], "category_id": 1, "id": 181, "ignore": 0, "segmentation": []}, {"area": 343805, "iscrowd": 0, "image_id": 88, "bbox": [68, 3, 665, 517], "category_id": 1, "id": 182, "ignore": 0, "segmentation": []}, {"area": 69345, "iscrowd": 0, "image_id": 88, "bbox": [175, 1, 345, 201], "category_id": 2, "id": 183, "ignore": 0, "segmentation": []}, {"area": 26532, "iscrowd": 0, "image_id": 89, "bbox": [437, 230, 99, 268], "category_id": 1, "id": 184, "ignore": 0, "segmentation": []}, {"area": 68510, "iscrowd": 0, "image_id": 89, "bbox": [360, 58, 155, 442], "category_id": 2, "id": 185, "ignore": 0, "segmentation": []}, {"area": 33796, "iscrowd": 0, "image_id": 90, "bbox": [199, 394, 142, 238], "category_id": 1, "id": 186, "ignore": 0, "segmentation": []}, {"area": 83593, "iscrowd": 0, "image_id": 90, "bbox": [70, 165, 179, 467], "category_id": 2, "id": 187, "ignore": 0, "segmentation": []}, {"area": 90300, "iscrowd": 0, "image_id": 91, "bbox": [43, 314, 258, 350], "category_id": 1, "id": 188, "ignore": 0, "segmentation": []}, {"area": 89414, "iscrowd": 0, "image_id": 91, "bbox": [39, 220, 181, 494], "category_id": 2, "id": 189, "ignore": 0, "segmentation": []}, {"area": 72588, "iscrowd": 0, "image_id": 92, "bbox": [474, 619, 276, 263], "category_id": 1, "id": 190, "ignore": 0, "segmentation": []}, {"area": 207018, "iscrowd": 0, "image_id": 92, "bbox": [471, 251, 371, 558], "category_id": 2, "id": 191, "ignore": 0, "segmentation": []}, {"area": 94686, "iscrowd": 0, "image_id": 93, "bbox": [382, 307, 258, 367], "category_id": 1, "id": 192, "ignore": 0, "segmentation": []}, {"area": 68297, "iscrowd": 0, "image_id": 93, "bbox": [252, 205, 163, 419], "category_id": 2, "id": 193, "ignore": 0, "segmentation": []}, {"area": 22176, "iscrowd": 0, "image_id": 94, "bbox": [166, 201, 132, 168], "category_id": 1, "id": 194, "ignore": 0, "segmentation": []}, {"area": 29718, "iscrowd": 0, "image_id": 94, "bbox": [134, 13, 78, 381], "category_id": 2, "id": 195, "ignore": 0, "segmentation": []}, {"area": 89960, "iscrowd": 0, "image_id": 95, "bbox": [340, 240, 260, 346], "category_id": 1, "id": 196, "ignore": 0, "segmentation": []}, {"area": 127641, "iscrowd": 0, "image_id": 95, "bbox": [128, 98, 271, 471], "category_id": 2, "id": 197, "ignore": 0, "segmentation": []}, {"area": 80504, "iscrowd": 0, "image_id": 95, "bbox": [368, 82, 232, 347], "category_id": 2, "id": 198, "ignore": 0, "segmentation": []}, {"area": 53580, "iscrowd": 0, "image_id": 96, "bbox": [203, 244, 141, 380], "category_id": 1, "id": 199, "ignore": 0, "segmentation": []}, {"area": 45255, "iscrowd": 0, "image_id": 96, "bbox": [116, 123, 105, 431], "category_id": 2, "id": 200, "ignore": 0, "segmentation": []}, {"area": 111714, "iscrowd": 0, "image_id": 97, "bbox": [143, 334, 258, 433], "category_id": 1, "id": 201, "ignore": 0, "segmentation": []}, {"area": 55952, "iscrowd": 0, "image_id": 97, "bbox": [308, 296, 208, 269], "category_id": 2, "id": 202, "ignore": 0, "segmentation": []}, {"area": 72267, "iscrowd": 0, "image_id": 98, "bbox": [304, 187, 327, 221], "category_id": 1, "id": 203, "ignore": 0, "segmentation": []}, {"area": 31020, "iscrowd": 0, "image_id": 98, "bbox": [338, 132, 188, 165], "category_id": 2, "id": 204, "ignore": 0, "segmentation": []}, {"area": 152358, "iscrowd": 0, "image_id": 99, "bbox": [0, 168, 379, 402], "category_id": 1, "id": 205, "ignore": 0, "segmentation": []}, {"area": 66850, "iscrowd": 0, "image_id": 99, "bbox": [419, 187, 191, 350], "category_id": 1, "id": 206, "ignore": 0, "segmentation": []}, {"area": 218508, "iscrowd": 0, "image_id": 99, "bbox": [492, 92, 417, 524], "category_id": 1, "id": 207, "ignore": 0, "segmentation": []}, {"area": 142875, "iscrowd": 0, "image_id": 100, "bbox": [0, 168, 381, 375], "category_id": 1, "id": 208, "ignore": 0, "segmentation": []}, {"area": 65041, "iscrowd": 0, "image_id": 100, "bbox": [421, 187, 193, 337], "category_id": 1, "id": 209, "ignore": 0, "segmentation": []}, {"area": 224720, "iscrowd": 0, "image_id": 100, "bbox": [485, 86, 424, 530], "category_id": 1, "id": 210, "ignore": 0, "segmentation": []}, {"area": 83875, "iscrowd": 0, "image_id": 101, "bbox": [297, 213, 275, 305], "category_id": 1, "id": 211, "ignore": 0, "segmentation": []}, {"area": 71314, "iscrowd": 0, "image_id": 101, "bbox": [353, 154, 197, 362], "category_id": 2, "id": 212, "ignore": 0, "segmentation": []}, {"area": 84630, "iscrowd": 0, "image_id": 102, "bbox": [339, 209, 273, 310], "category_id": 1, "id": 213, "ignore": 0, "segmentation": []}, {"area": 62868, "iscrowd": 0, "image_id": 102, "bbox": [383, 147, 169, 372], "category_id": 2, "id": 214, "ignore": 0, "segmentation": []}, {"area": 98280, "iscrowd": 0, "image_id": 103, "bbox": [293, 59, 280, 351], "category_id": 1, "id": 215, "ignore": 0, "segmentation": []}, {"area": 94479, "iscrowd": 0, "image_id": 103, "bbox": [177, 0, 231, 409], "category_id": 2, "id": 216, "ignore": 0, "segmentation": []}, {"area": 252340, "iscrowd": 0, "image_id": 104, "bbox": [19, 146, 407, 620], "category_id": 1, "id": 217, "ignore": 0, "segmentation": []}, {"area": 171564, "iscrowd": 0, "image_id": 104, "bbox": [555, 216, 348, 493], "category_id": 1, "id": 218, "ignore": 0, "segmentation": []}, {"area": 73060, "iscrowd": 0, "image_id": 105, "bbox": [498, 594, 260, 281], "category_id": 1, "id": 219, "ignore": 0, "segmentation": []}, {"area": 235175, "iscrowd": 0, "image_id": 105, "bbox": [427, 251, 409, 575], "category_id": 2, "id": 220, "ignore": 0, "segmentation": []}, {"area": 72051, "iscrowd": 0, "image_id": 106, "bbox": [310, 188, 329, 219], "category_id": 1, "id": 221, "ignore": 0, "segmentation": []}, {"area": 27566, "iscrowd": 0, "image_id": 106, "bbox": [337, 136, 179, 154], "category_id": 2, "id": 222, "ignore": 0, "segmentation": []}, {"area": 48360, "iscrowd": 0, "image_id": 107, "bbox": [492, 221, 248, 195], "category_id": 1, "id": 223, "ignore": 0, "segmentation": []}, {"area": 86736, "iscrowd": 0, "image_id": 107, "bbox": [423, 97, 278, 312], "category_id": 2, "id": 224, "ignore": 0, "segmentation": []}, {"area": 12194, "iscrowd": 0, "image_id": 107, "bbox": [620, 114, 134, 91], "category_id": 2, "id": 225, "ignore": 0, "segmentation": []}, {"area": 44296, "iscrowd": 0, "image_id": 108, "bbox": [514, 220, 226, 196], "category_id": 1, "id": 226, "ignore": 0, "segmentation": []}, {"area": 83688, "iscrowd": 0, "image_id": 108, "bbox": [432, 94, 264, 317], "category_id": 2, "id": 227, "ignore": 0, "segmentation": []}, {"area": 9860, "iscrowd": 0, "image_id": 108, "bbox": [609, 115, 116, 85], "category_id": 2, "id": 228, "ignore": 0, "segmentation": []}, {"area": 35844, "iscrowd": 0, "image_id": 109, "bbox": [366, 31, 174, 206], "category_id": 1, "id": 229, "ignore": 0, "segmentation": []}, {"area": 40377, "iscrowd": 0, "image_id": 110, "bbox": [274, 92, 129, 313], "category_id": 1, "id": 230, "ignore": 0, "segmentation": []}, {"area": 55860, "iscrowd": 0, "image_id": 110, "bbox": [158, 41, 147, 380], "category_id": 2, "id": 231, "ignore": 0, "segmentation": []}, {"area": 41644, "iscrowd": 0, "image_id": 111, "bbox": [224, 268, 116, 359], "category_id": 1, "id": 232, "ignore": 0, "segmentation": []}, {"area": 66086, "iscrowd": 0, "image_id": 111, "bbox": [157, 160, 173, 382], "category_id": 2, "id": 233, "ignore": 0, "segmentation": []}, {"area": 42244, "iscrowd": 0, "image_id": 112, "bbox": [222, 267, 118, 358], "category_id": 1, "id": 234, "ignore": 0, "segmentation": []}, {"area": 65352, "iscrowd": 0, "image_id": 112, "bbox": [160, 163, 168, 389], "category_id": 2, "id": 235, "ignore": 0, "segmentation": []}, {"area": 232379, "iscrowd": 0, "image_id": 113, "bbox": [49, 141, 373, 623], "category_id": 1, "id": 236, "ignore": 0, "segmentation": []}, {"area": 168672, "iscrowd": 0, "image_id": 113, "bbox": [561, 218, 336, 502], "category_id": 1, "id": 237, "ignore": 0, "segmentation": []}, {"area": 48960, "iscrowd": 0, "image_id": 114, "bbox": [398, 541, 255, 192], "category_id": 1, "id": 238, "ignore": 0, "segmentation": []}, {"area": 66129, "iscrowd": 0, "image_id": 114, "bbox": [236, 400, 201, 329], "category_id": 2, "id": 239, "ignore": 0, "segmentation": []}, {"area": 133140, "iscrowd": 0, "image_id": 115, "bbox": [122, 167, 420, 317], "category_id": 1, "id": 240, "ignore": 0, "segmentation": []}, {"area": 82583, "iscrowd": 0, "image_id": 115, "bbox": [555, 166, 269, 307], "category_id": 1, "id": 241, "ignore": 0, "segmentation": []}, {"area": 96876, "iscrowd": 0, "image_id": 116, "bbox": [294, 54, 276, 351], "category_id": 1, "id": 242, "ignore": 0, "segmentation": []}, {"area": 74802, "iscrowd": 0, "image_id": 116, "bbox": [185, 0, 182, 411], "category_id": 2, "id": 243, "ignore": 0, "segmentation": []}, {"area": 145157, "iscrowd": 0, "image_id": 117, "bbox": [0, 164, 379, 383], "category_id": 1, "id": 244, "ignore": 0, "segmentation": []}, {"area": 70132, "iscrowd": 0, "image_id": 117, "bbox": [421, 187, 197, 356], "category_id": 1, "id": 245, "ignore": 0, "segmentation": []}, {"area": 224367, "iscrowd": 0, "image_id": 117, "bbox": [480, 93, 429, 523], "category_id": 1, "id": 246, "ignore": 0, "segmentation": []}, {"area": 17920, "iscrowd": 0, "image_id": 118, "bbox": [233, 278, 112, 160], "category_id": 1, "id": 247, "ignore": 0, "segmentation": []}, {"area": 56079, "iscrowd": 0, "image_id": 118, "bbox": [136, 158, 201, 279], "category_id": 2, "id": 248, "ignore": 0, "segmentation": []}, {"area": 48384, "iscrowd": 0, "image_id": 119, "bbox": [524, 322, 288, 168], "category_id": 1, "id": 249, "ignore": 0, "segmentation": []}, {"area": 38280, "iscrowd": 0, "image_id": 119, "bbox": [411, 165, 120, 319], "category_id": 2, "id": 250, "ignore": 0, "segmentation": []}, {"area": 9047, "iscrowd": 0, "image_id": 120, "bbox": [284, 354, 83, 109], "category_id": 1, "id": 251, "ignore": 0, "segmentation": []}, {"area": 34320, "iscrowd": 0, "image_id": 120, "bbox": [156, 203, 132, 260], "category_id": 2, "id": 252, "ignore": 0, "segmentation": []}, {"area": 311288, "iscrowd": 0, "image_id": 121, "bbox": [81, 430, 668, 466], "category_id": 1, "id": 253, "ignore": 0, "segmentation": []}, {"area": 237009, "iscrowd": 0, "image_id": 121, "bbox": [146, 302, 397, 597], "category_id": 2, "id": 254, "ignore": 0, "segmentation": []}, {"area": 134640, "iscrowd": 0, "image_id": 122, "bbox": [394, 293, 306, 440], "category_id": 1, "id": 255, "ignore": 0, "segmentation": []}, {"area": 94622, "iscrowd": 0, "image_id": 122, "bbox": [235, 143, 187, 506], "category_id": 2, "id": 256, "ignore": 0, "segmentation": []}, {"area": 330408, "iscrowd": 0, "image_id": 123, "bbox": [87, 417, 706, 468], "category_id": 1, "id": 257, "ignore": 0, "segmentation": []}, {"area": 232470, "iscrowd": 0, "image_id": 123, "bbox": [159, 312, 410, 567], "category_id": 2, "id": 258, "ignore": 0, "segmentation": []}, {"area": 311992, "iscrowd": 0, "image_id": 124, "bbox": [87, 426, 661, 472], "category_id": 1, "id": 259, "ignore": 0, "segmentation": []}, {"area": 238728, "iscrowd": 0, "image_id": 124, "bbox": [134, 310, 406, 588], "category_id": 2, "id": 260, "ignore": 0, "segmentation": []}, {"area": 72297, "iscrowd": 0, "image_id": 125, "bbox": [490, 605, 261, 277], "category_id": 1, "id": 261, "ignore": 0, "segmentation": []}, {"area": 220410, "iscrowd": 0, "image_id": 125, "bbox": [431, 251, 395, 558], "category_id": 2, "id": 262, "ignore": 0, "segmentation": []}, {"area": 35186, "iscrowd": 0, "image_id": 126, "bbox": [128, 391, 146, 241], "category_id": 1, "id": 263, "ignore": 0, "segmentation": []}, {"area": 91408, "iscrowd": 0, "image_id": 126, "bbox": [205, 167, 197, 464], "category_id": 2, "id": 264, "ignore": 0, "segmentation": []}, {"area": 70941, "iscrowd": 0, "image_id": 127, "bbox": [251, 187, 321, 221], "category_id": 1, "id": 265, "ignore": 0, "segmentation": []}, {"area": 29414, "iscrowd": 0, "image_id": 127, "bbox": [360, 137, 191, 154], "category_id": 2, "id": 266, "ignore": 0, "segmentation": []}, {"area": 124384, "iscrowd": 0, "image_id": 128, "bbox": [344, 232, 338, 368], "category_id": 1, "id": 267, "ignore": 0, "segmentation": []}, {"area": 129360, "iscrowd": 0, "image_id": 128, "bbox": [131, 83, 264, 490], "category_id": 2, "id": 268, "ignore": 0, "segmentation": []}, {"area": 133189, "iscrowd": 0, "image_id": 128, "bbox": [361, 66, 371, 359], "category_id": 2, "id": 269, "ignore": 0, "segmentation": []}, {"area": 36852, "iscrowd": 0, "image_id": 129, "bbox": [351, 240, 222, 166], "category_id": 1, "id": 270, "ignore": 0, "segmentation": []}, {"area": 39102, "iscrowd": 0, "image_id": 129, "bbox": [509, 141, 147, 266], "category_id": 2, "id": 271, "ignore": 0, "segmentation": []}, {"area": 310890, "iscrowd": 0, "image_id": 130, "bbox": [245, 41, 645, 482], "category_id": 1, "id": 272, "ignore": 0, "segmentation": []}, {"area": 49876, "iscrowd": 0, "image_id": 130, "bbox": [346, 42, 337, 148], "category_id": 2, "id": 273, "ignore": 0, "segmentation": []}, {"area": 39162, "iscrowd": 0, "image_id": 131, "bbox": [503, 362, 183, 214], "category_id": 1, "id": 274, "ignore": 0, "segmentation": []}, {"area": 47952, "iscrowd": 0, "image_id": 131, "bbox": [407, 251, 148, 324], "category_id": 2, "id": 275, "ignore": 0, "segmentation": []}, {"area": 22098, "iscrowd": 0, "image_id": 132, "bbox": [166, 196, 127, 174], "category_id": 1, "id": 276, "ignore": 0, "segmentation": []}, {"area": 32300, "iscrowd": 0, "image_id": 132, "bbox": [128, 14, 85, 380], "category_id": 2, "id": 277, "ignore": 0, "segmentation": []}, {"area": 29760, "iscrowd": 0, "image_id": 133, "bbox": [212, 391, 124, 240], "category_id": 1, "id": 278, "ignore": 0, "segmentation": []}, {"area": 65274, "iscrowd": 0, "image_id": 133, "bbox": [106, 159, 138, 473], "category_id": 2, "id": 279, "ignore": 0, "segmentation": []}, {"area": 27900, "iscrowd": 0, "image_id": 134, "bbox": [444, 228, 100, 279], "category_id": 1, "id": 280, "ignore": 0, "segmentation": []}, {"area": 71656, "iscrowd": 0, "image_id": 134, "bbox": [357, 72, 169, 424], "category_id": 2, "id": 281, "ignore": 0, "segmentation": []}, {"area": 245224, "iscrowd": 0, "image_id": 135, "bbox": [28, 155, 406, 604], "category_id": 1, "id": 282, "ignore": 0, "segmentation": []}, {"area": 167499, "iscrowd": 0, "image_id": 135, "bbox": [559, 210, 333, 503], "category_id": 1, "id": 283, "ignore": 0, "segmentation": []}], "categories": [{"supercategory": "none", "id": 1, "name": "ebike"}, {"supercategory": "none", "id": 2, "name": "person"}]}